-- MySQL dump 10.13  Distrib 8.0.19, for Win64 (x86_64)
--
-- Host: localhost    Database: commandelabo
-- ------------------------------------------------------
-- Server version	5.5.5-10.11.0-MariaDB

/*!40101 SET @OLD_CHARACTER_SET_CLIENT=@@CHARACTER_SET_CLIENT */;
/*!40101 SET @OLD_CHARACTER_SET_RESULTS=@@CHARACTER_SET_RESULTS */;
/*!40101 SET @OLD_COLLATION_CONNECTION=@@COLLATION_CONNECTION */;
/*!50503 SET NAMES utf8mb4 */;
/*!40103 SET @OLD_TIME_ZONE=@@TIME_ZONE */;
/*!40103 SET TIME_ZONE='+00:00' */;
/*!40014 SET @OLD_UNIQUE_CHECKS=@@UNIQUE_CHECKS, UNIQUE_CHECKS=0 */;
/*!40014 SET @OLD_FOREIGN_KEY_CHECKS=@@FOREIGN_KEY_CHECKS, FOREIGN_KEY_CHECKS=0 */;
/*!40101 SET @OLD_SQL_MODE=@@SQL_MODE, SQL_MODE='NO_AUTO_VALUE_ON_ZERO' */;
/*!40111 SET @OLD_SQL_NOTES=@@SQL_NOTES, SQL_NOTES=0 */;

--
-- Table structure for table `commande`
--

DROP TABLE IF EXISTS `commande`;
/*!40101 SET @saved_cs_client     = @@character_set_client */;
/*!50503 SET character_set_client = utf8mb4 */;
CREATE TABLE `commande` (
  `idCommande` int(11) NOT NULL,
  `etatCommande` varchar(20) DEFAULT NULL,
  `dateCommande` varchar(100) DEFAULT NULL,
  `descriptionCommande` varchar(1000) DEFAULT NULL,
  `idLabo` int(11) DEFAULT NULL,
  PRIMARY KEY (`idCommande`),
  KEY `idLabo` (`idLabo`),
  CONSTRAINT `commande_ibfk_1` FOREIGN KEY (`idLabo`) REFERENCES `laboratoire` (`idLabo`)
) ENGINE=InnoDB DEFAULT CHARSET=latin1;
/*!40101 SET character_set_client = @saved_cs_client */;

--
-- Dumping data for table `commande`
--

LOCK TABLES `commande` WRITE;
/*!40000 ALTER TABLE `commande` DISABLE KEYS */;
INSERT INTO `commande` VALUES (1,NULL,'2002-08-02','In hac habitasse platea dictumst.',11),(2,NULL,'2001-04-05','Nunc rhoncus dui vel sem.',23),(3,NULL,'2012-08-04','Aenean lectus.',22),(4,NULL,'2005-01-17','Phasellus id sapien in sapien iaculis congue.',24),(5,NULL,'2005-03-30','Aliquam erat volutpat.',22),(6,NULL,'2021-01-22','Donec dapibus.',30),(7,NULL,'2002-02-16','Curabitur convallis.',1),(8,NULL,'2001-03-31','Proin eu mi.',5),(9,NULL,'2009-04-21','Maecenas leo odio, condimentum id, luctus nec, molestie sed, justo.',4),(10,NULL,'2003-11-08','Mauris ullamcorper purus sit amet nulla.',11),(11,NULL,'2022-04-21','Vestibulum quam sapien, varius ut, blandit non, interdum in, ante.',22),(12,NULL,'2007-11-19','Integer tincidunt ante vel ipsum.',21),(13,NULL,'2007-10-03','Duis at velit eu est congue elementum.',16),(14,NULL,'2022-09-16','Morbi non lectus.',5),(15,NULL,'2001-03-23','Aenean fermentum.',30),(16,NULL,'2018-01-27','Integer ac neque.',2),(17,NULL,'2010-08-07','Integer pede justo, lacinia eget, tincidunt eget, tempus vel, pede.',13),(18,NULL,'2017-07-06','Morbi odio odio, elementum eu, interdum eu, tincidunt in, leo.',28),(19,NULL,'2002-03-15','Morbi odio odio, elementum eu, interdum eu, tincidunt in, leo.',20),(20,NULL,'2015-09-30','Vivamus in felis eu sapien cursus vestibulum.',21),(21,NULL,'2020-07-22','Proin interdum mauris non ligula pellentesque ultrices.',12),(22,NULL,'2002-11-22','Mauris ullamcorper purus sit amet nulla.',5),(23,NULL,'2017-09-16','In tempor, turpis nec euismod scelerisque, quam turpis adipiscing lorem, vitae mattis nibh ligula nec sem.',25),(24,NULL,'2003-04-17','Donec semper sapien a libero.',6),(25,NULL,'2001-02-11','In blandit ultrices enim.',26),(26,NULL,'2007-05-19','Proin at turpis a pede posuere nonummy.',3),(27,NULL,'2009-06-22','Praesent lectus.',7),(28,NULL,'2017-08-25','In eleifend quam a odio.',14),(29,NULL,'2004-10-22','In hac habitasse platea dictumst.',9),(30,NULL,'2016-11-14','Fusce lacus purus, aliquet at, feugiat non, pretium quis, lectus.',7),(31,NULL,'2009-03-20','Suspendisse potenti.',22),(32,NULL,'2009-04-01','Proin eu mi.',7),(33,NULL,'2017-05-28','Nulla neque libero, convallis eget, eleifend luctus, ultricies eu, nibh.',18),(34,NULL,'2006-02-31','Cum sociis natoque penatibus et magnis dis parturient montes, nascetur ridiculus mus.',11),(35,NULL,'2005-06-19','Nullam varius.',13),(36,NULL,'2010-05-23','Fusce consequat.',3),(37,NULL,'2005-07-09','In est risus, auctor sed, tristique in, tempus sit amet, sem.',13),(38,NULL,'2020-01-14','Praesent blandit.',25),(39,NULL,'2022-05-09','Nam congue, risus semper porta volutpat, quam pede lobortis ligula, sit amet eleifend pede libero quis orci.',16),(40,NULL,'2019-07-25','Mauris sit amet eros.',9),(41,NULL,'2016-04-10','Mauris lacinia sapien quis libero.',15),(42,NULL,'2012-02-15','Ut tellus.',2),(43,NULL,'2007-05-05','Donec semper sapien a libero.',22),(44,NULL,'2005-05-29','Integer ac neque.',9),(45,NULL,'2021-06-07','Nulla nisl.',30),(46,NULL,'2012-09-27','Duis consequat dui nec nisi volutpat eleifend.',2),(47,NULL,'2003-06-15','Nam ultrices, libero non mattis pulvinar, nulla pede ullamcorper augue, a suscipit nulla elit ac nulla.',2),(48,NULL,'2012-04-14','Vestibulum quam sapien, varius ut, blandit non, interdum in, ante.',9),(49,NULL,'2022-10-02','Etiam vel augue.',16),(50,NULL,'2009-10-27','Nullam molestie nibh in lectus.',8),(51,NULL,'2004-01-21','Vivamus in felis eu sapien cursus vestibulum.',1),(52,NULL,'2022-08-22','Vivamus vestibulum sagittis sapien.',6),(53,NULL,'2008-02-09','Quisque arcu libero, rutrum ac, lobortis vel, dapibus at, diam.',4),(54,NULL,'2022-11-29','In hac habitasse platea dictumst.',13),(55,NULL,'2004-10-24','Nullam porttitor lacus at turpis.',1),(56,NULL,'2020-04-16','Phasellus in felis.',4),(57,NULL,'2004-11-14','Aliquam quis turpis eget elit sodales scelerisque.',25),(58,NULL,'2019-03-17','Vestibulum ante ipsum primis in faucibus orci luctus et ultrices posuere cubilia Curae; Mauris viverra diam vitae quam.',13),(59,NULL,'2009-11-30','Vestibulum ante ipsum primis in faucibus orci luctus et ultrices posuere cubilia Curae; Donec pharetra, magna vestibulum aliquet ultrices, erat tortor sollicitudin mi, sit amet lobortis sapien sapien non mi.',7),(60,NULL,'2017-04-26','Cum sociis natoque penatibus et magnis dis parturient montes, nascetur ridiculus mus.',9),(61,NULL,'2022-06-07','Etiam justo.',16),(62,NULL,'2005-03-27','Vivamus metus arcu, adipiscing molestie, hendrerit at, vulputate vitae, nisl.',12),(63,NULL,'2009-02-23','Nunc nisl.',9),(64,NULL,'2016-01-09','Praesent lectus.',30),(65,NULL,'2006-06-01','Integer ac neque.',26),(66,NULL,'2009-08-13','Morbi vestibulum, velit id pretium iaculis, diam erat fermentum justo, nec condimentum neque sapien placerat ante.',1),(67,NULL,'2004-02-25','In hac habitasse platea dictumst.',5),(68,NULL,'2015-08-21','Etiam justo.',20),(69,NULL,'2012-05-03','Duis bibendum, felis sed interdum venenatis, turpis enim blandit mi, in porttitor pede justo eu massa.',15),(70,NULL,'2010-05-09','Nam dui.',27),(71,NULL,'2015-02-15','Nulla tempus.',6),(72,NULL,'2005-02-28','Morbi vestibulum, velit id pretium iaculis, diam erat fermentum justo, nec condimentum neque sapien placerat ante.',6),(73,NULL,'2014-07-08','Vivamus vestibulum sagittis sapien.',1),(74,NULL,'2011-05-01','Integer ac neque.',25),(75,NULL,'2018-09-12','Morbi quis tortor id nulla ultrices aliquet.',4),(76,NULL,'2007-06-10','Nulla ut erat id mauris vulputate elementum.',14),(77,NULL,'2017-01-06','Sed ante.',3),(78,NULL,'2014-05-19','Cum sociis natoque penatibus et magnis dis parturient montes, nascetur ridiculus mus.',2),(79,NULL,'2020-03-17','Sed ante.',3),(80,NULL,'2020-01-31','Quisque erat eros, viverra eget, congue eget, semper rutrum, nulla.',12),(81,NULL,'2009-08-26','Etiam faucibus cursus urna.',18),(82,NULL,'2013-06-31','Etiam faucibus cursus urna.',18),(83,NULL,'2019-05-28','Nullam porttitor lacus at turpis.',7),(84,NULL,'2009-11-12','Nulla ut erat id mauris vulputate elementum.',4),(85,NULL,'2020-04-10','Nulla ut erat id mauris vulputate elementum.',10),(86,NULL,'2002-07-24','In eleifend quam a odio.',8),(87,NULL,'2022-11-12','Quisque porta volutpat erat.',8),(88,NULL,'2002-07-27','Vestibulum ante ipsum primis in faucibus orci luctus et ultrices posuere cubilia Curae; Mauris viverra diam vitae quam.',15),(89,NULL,'2003-10-02','Ut at dolor quis odio consequat varius.',24),(90,NULL,'2004-09-05','Duis consequat dui nec nisi volutpat eleifend.',21),(91,NULL,'2020-05-24','Duis aliquam convallis nunc.',14),(92,NULL,'2014-01-06','Curabitur convallis.',19),(93,NULL,'2014-09-19','Donec posuere metus vitae ipsum.',24),(94,NULL,'2002-10-28','Cum sociis natoque penatibus et magnis dis parturient montes, nascetur ridiculus mus.',17),(95,NULL,'2008-06-31','Donec ut dolor.',13),(96,NULL,'2019-05-27','Nam dui.',1),(97,NULL,'2007-04-21','Quisque erat eros, viverra eget, congue eget, semper rutrum, nulla.',18),(98,NULL,'2020-03-03','Etiam justo.',30),(99,NULL,'2001-04-21','Donec semper sapien a libero.',16),(100,NULL,'2002-10-08','Vestibulum ante ipsum primis in faucibus orci luctus et ultrices posuere cubilia Curae; Mauris viverra diam vitae quam.',27),(101,NULL,'2002-05-04','In tempor, turpis nec euismod scelerisque, quam turpis adipiscing lorem, vitae mattis nibh ligula nec sem.',21),(102,NULL,'2003-06-05','Donec ut dolor.',27),(103,NULL,'2011-02-06','Integer ac leo.',10),(104,NULL,'2001-08-04','Maecenas tincidunt lacus at velit.',22),(105,NULL,'2018-09-18','Integer a nibh.',5),(106,NULL,'2011-04-13','Curabitur in libero ut massa volutpat convallis.',9),(107,NULL,'2003-02-19','Proin risus.',27),(108,NULL,'2002-04-25','Aenean auctor gravida sem.',18),(109,NULL,'2018-04-17','Nullam molestie nibh in lectus.',2),(110,NULL,'2016-05-01','Fusce congue, diam id ornare imperdiet, sapien urna pretium nisl, ut volutpat sapien arcu sed augue.',8),(111,NULL,'2010-04-08','Nunc rhoncus dui vel sem.',6),(112,NULL,'2010-02-19','In blandit ultrices enim.',22),(113,NULL,'2017-11-06','Ut tellus.',14),(114,NULL,'2011-01-04','Praesent blandit.',1),(115,NULL,'2012-10-06','Cras in purus eu magna vulputate luctus.',28),(116,NULL,'2008-04-26','Pellentesque viverra pede ac diam.',7),(117,NULL,'2001-10-17','Lorem ipsum dolor sit amet, consectetuer adipiscing elit.',3),(118,NULL,'2002-07-21','Sed vel enim sit amet nunc viverra dapibus.',17),(119,NULL,'2020-08-08','Aenean sit amet justo.',11),(120,NULL,'2015-04-08','Quisque arcu libero, rutrum ac, lobortis vel, dapibus at, diam.',18),(121,NULL,'2011-10-26','Integer aliquet, massa id lobortis convallis, tortor risus dapibus augue, vel accumsan tellus nisi eu orci.',8),(122,NULL,'2011-02-06','In hac habitasse platea dictumst.',8),(123,NULL,'2022-07-12','Suspendisse potenti.',28),(124,NULL,'2022-09-27','Pellentesque eget nunc.',19),(125,NULL,'2017-01-20','Suspendisse ornare consequat lectus.',22),(126,NULL,'2009-06-08','Fusce posuere felis sed lacus.',24),(127,NULL,'2007-05-07','Morbi odio odio, elementum eu, interdum eu, tincidunt in, leo.',27),(128,NULL,'2020-11-03','Pellentesque viverra pede ac diam.',12),(129,NULL,'2012-03-04','Quisque porta volutpat erat.',22),(130,NULL,'2014-10-28','Nullam orci pede, venenatis non, sodales sed, tincidunt eu, felis.',11),(131,NULL,'2005-08-22','Sed accumsan felis.',15),(132,NULL,'2009-06-02','Morbi a ipsum.',20),(133,NULL,'2018-03-27','Vestibulum ante ipsum primis in faucibus orci luctus et ultrices posuere cubilia Curae; Mauris viverra diam vitae quam.',12),(134,NULL,'2020-10-09','Maecenas leo odio, condimentum id, luctus nec, molestie sed, justo.',13),(135,NULL,'2004-07-27','Pellentesque eget nunc.',29),(136,NULL,'2021-06-02','Vestibulum quam sapien, varius ut, blandit non, interdum in, ante.',29),(137,NULL,'2008-03-17','Vestibulum ante ipsum primis in faucibus orci luctus et ultrices posuere cubilia Curae; Nulla dapibus dolor vel est.',8),(138,NULL,'2011-03-29','Aenean lectus.',14),(139,NULL,'2006-03-25','Cras non velit nec nisi vulputate nonummy.',21),(140,NULL,'2020-09-25','Integer ac leo.',21),(141,NULL,'2018-11-06','Morbi non lectus.',28),(142,NULL,'2013-01-14','Proin interdum mauris non ligula pellentesque ultrices.',5),(143,NULL,'2002-08-16','Lorem ipsum dolor sit amet, consectetuer adipiscing elit.',10),(144,NULL,'2008-05-23','Morbi vel lectus in quam fringilla rhoncus.',28),(145,NULL,'2021-11-26','Quisque id justo sit amet sapien dignissim vestibulum.',26),(146,NULL,'2002-08-22','Donec ut dolor.',19),(147,NULL,'2021-03-25','In blandit ultrices enim.',30),(148,NULL,'2005-09-15','Lorem ipsum dolor sit amet, consectetuer adipiscing elit.',15),(149,NULL,'2002-10-22','Sed vel enim sit amet nunc viverra dapibus.',8),(150,NULL,'2013-10-23','Proin leo odio, porttitor id, consequat in, consequat ut, nulla.',7),(151,NULL,'2021-11-29','In sagittis dui vel nisl.',14),(152,NULL,'2021-11-01','Morbi porttitor lorem id ligula.',6),(153,NULL,'2016-08-01','Cras non velit nec nisi vulputate nonummy.',1),(154,NULL,'2014-04-25','Nulla neque libero, convallis eget, eleifend luctus, ultricies eu, nibh.',25),(155,NULL,'2008-08-13','Donec vitae nisi.',1),(156,NULL,'2021-10-27','Mauris enim leo, rhoncus sed, vestibulum sit amet, cursus id, turpis.',3),(157,NULL,'2020-05-01','Nulla ut erat id mauris vulputate elementum.',13),(158,NULL,'2009-11-16','Maecenas pulvinar lobortis est.',5),(159,NULL,'2012-02-25','Aenean auctor gravida sem.',6),(160,NULL,'2020-07-28','Vestibulum ante ipsum primis in faucibus orci luctus et ultrices posuere cubilia Curae; Duis faucibus accumsan odio.',25),(161,NULL,'2009-08-20','Sed accumsan felis.',6),(162,NULL,'2021-09-07','Donec quis orci eget orci vehicula condimentum.',7),(163,NULL,'2001-11-25','Quisque ut erat.',4),(164,NULL,'2010-09-13','Phasellus in felis.',18),(165,NULL,'2022-03-22','In hac habitasse platea dictumst.',26),(166,NULL,'2020-10-10','In blandit ultrices enim.',10),(167,NULL,'2015-07-08','Nulla tempus.',20),(168,NULL,'2009-07-18','Pellentesque ultrices mattis odio.',25),(169,NULL,'2022-03-11','Donec diam neque, vestibulum eget, vulputate ut, ultrices vel, augue.',8),(170,NULL,'2016-07-09','Cras non velit nec nisi vulputate nonummy.',17),(171,NULL,'2022-07-24','Integer tincidunt ante vel ipsum.',6),(172,NULL,'2014-07-03','Morbi quis tortor id nulla ultrices aliquet.',7),(173,NULL,'2002-10-22','Nulla tempus.',19),(174,NULL,'2012-03-16','Quisque ut erat.',24),(175,NULL,'2022-11-11','Etiam justo.',28),(176,NULL,'2001-05-21','Integer pede justo, lacinia eget, tincidunt eget, tempus vel, pede.',17),(177,NULL,'2020-07-13','Donec vitae nisi.',2),(178,NULL,'2002-10-08','Morbi odio odio, elementum eu, interdum eu, tincidunt in, leo.',18),(179,NULL,'2017-05-05','In congue.',26),(180,NULL,'2015-02-08','Fusce posuere felis sed lacus.',16),(181,NULL,'2005-01-30','Maecenas tristique, est et tempus semper, est quam pharetra magna, ac consequat metus sapien ut nunc.',20),(182,NULL,'2011-01-17','Donec vitae nisi.',4),(183,NULL,'2015-01-02','Maecenas tincidunt lacus at velit.',14),(184,NULL,'2014-04-09','Morbi vel lectus in quam fringilla rhoncus.',1),(185,NULL,'2006-04-06','Nulla nisl.',18),(186,NULL,'2013-09-21','Duis aliquam convallis nunc.',29),(187,NULL,'2007-09-29','Aenean lectus.',22),(188,NULL,'2015-02-04','Integer a nibh.',7),(189,NULL,'2002-09-04','Vestibulum ante ipsum primis in faucibus orci luctus et ultrices posuere cubilia Curae; Mauris viverra diam vitae quam.',22),(190,NULL,'2013-07-03','Cras mi pede, malesuada in, imperdiet et, commodo vulputate, justo.',23),(191,NULL,'2013-03-14','Morbi sem mauris, laoreet ut, rhoncus aliquet, pulvinar sed, nisl.',22),(192,NULL,'2015-06-10','Etiam vel augue.',28),(193,NULL,'2017-05-30','Nulla nisl.',11),(194,NULL,'2011-08-03','Aliquam quis turpis eget elit sodales scelerisque.',22),(195,NULL,'2001-04-17','Quisque ut erat.',2),(196,NULL,'2021-06-19','Suspendisse potenti.',18),(197,NULL,'2015-01-21','Mauris lacinia sapien quis libero.',2),(198,NULL,'2007-10-19','Morbi odio odio, elementum eu, interdum eu, tincidunt in, leo.',18),(199,NULL,'2004-07-25','In blandit ultrices enim.',5),(200,NULL,'2010-08-27','Etiam faucibus cursus urna.',11),(201,NULL,'2006-11-21','Aliquam sit amet diam in magna bibendum imperdiet.',5),(202,NULL,'2021-01-31','Praesent id massa id nisl venenatis lacinia.',7),(203,NULL,'2006-07-07','Nullam molestie nibh in lectus.',8),(204,NULL,'2013-03-15','Donec odio justo, sollicitudin ut, suscipit a, feugiat et, eros.',12),(205,NULL,'2007-09-10','In sagittis dui vel nisl.',17),(206,NULL,'2021-11-15','Maecenas ut massa quis augue luctus tincidunt.',16),(207,NULL,'2019-03-11','Vivamus tortor.',27),(208,NULL,'2018-09-11','Ut tellus.',13),(209,NULL,'2002-01-16','Nulla tellus.',6),(210,NULL,'2018-04-28','In quis justo.',3),(211,NULL,'2014-05-18','Pellentesque ultrices mattis odio.',10),(212,NULL,'2020-03-17','Fusce lacus purus, aliquet at, feugiat non, pretium quis, lectus.',6),(213,NULL,'2017-08-29','Nunc rhoncus dui vel sem.',11),(214,NULL,'2001-02-29','Mauris ullamcorper purus sit amet nulla.',26),(215,NULL,'2006-03-10','Proin at turpis a pede posuere nonummy.',10),(216,NULL,'2014-10-17','Pellentesque ultrices mattis odio.',12),(217,NULL,'2022-08-15','Ut at dolor quis odio consequat varius.',11),(218,NULL,'2009-09-24','Nam ultrices, libero non mattis pulvinar, nulla pede ullamcorper augue, a suscipit nulla elit ac nulla.',6),(219,NULL,'2020-09-21','In hac habitasse platea dictumst.',2),(220,NULL,'2003-10-20','In hac habitasse platea dictumst.',29),(221,NULL,'2013-06-09','Quisque porta volutpat erat.',8),(222,NULL,'2008-08-13','Nam dui.',10),(223,NULL,'2005-03-10','Nulla mollis molestie lorem.',29),(224,NULL,'2002-08-20','Mauris enim leo, rhoncus sed, vestibulum sit amet, cursus id, turpis.',21),(225,NULL,'2020-06-01','Phasellus id sapien in sapien iaculis congue.',17),(226,NULL,'2004-04-29','Pellentesque viverra pede ac diam.',22),(227,NULL,'2013-02-16','In hac habitasse platea dictumst.',12),(228,NULL,'2004-04-19','Nulla neque libero, convallis eget, eleifend luctus, ultricies eu, nibh.',21),(229,NULL,'2019-08-13','Nam nulla.',15),(230,NULL,'2007-07-02','Maecenas tincidunt lacus at velit.',20),(231,NULL,'2018-03-21','Nunc rhoncus dui vel sem.',13),(232,NULL,'2016-07-17','Vestibulum ac est lacinia nisi venenatis tristique.',26),(233,NULL,'2015-05-27','Morbi porttitor lorem id ligula.',18),(234,NULL,'2003-10-04','Proin leo odio, porttitor id, consequat in, consequat ut, nulla.',25),(235,NULL,'2003-11-28','Suspendisse potenti.',24),(236,NULL,'2006-10-16','Maecenas tristique, est et tempus semper, est quam pharetra magna, ac consequat metus sapien ut nunc.',15),(237,NULL,'2016-07-31','Aliquam non mauris.',10),(238,NULL,'2010-09-26','Phasellus in felis.',19),(239,NULL,'2017-03-18','Nam dui.',9),(240,NULL,'2012-07-09','Mauris ullamcorper purus sit amet nulla.',25),(241,NULL,'2020-04-22','Quisque porta volutpat erat.',15),(242,NULL,'2007-02-14','Aliquam non mauris.',27),(243,NULL,'2001-04-28','Donec quis orci eget orci vehicula condimentum.',1),(244,NULL,'2016-08-17','Mauris enim leo, rhoncus sed, vestibulum sit amet, cursus id, turpis.',21),(245,NULL,'2016-11-08','Donec posuere metus vitae ipsum.',15),(246,NULL,'2011-07-15','Phasellus id sapien in sapien iaculis congue.',18),(247,NULL,'2007-09-16','In est risus, auctor sed, tristique in, tempus sit amet, sem.',21),(248,NULL,'2004-04-21','Integer non velit.',26),(249,NULL,'2003-01-15','Cras in purus eu magna vulputate luctus.',8),(250,NULL,'2004-01-12','Vivamus vestibulum sagittis sapien.',6),(251,NULL,'2015-05-30','Quisque ut erat.',2),(252,NULL,'2001-07-12','Morbi porttitor lorem id ligula.',16),(253,NULL,'2001-02-16','Nullam varius.',7),(254,NULL,'2004-09-08','Nam tristique tortor eu pede.',20),(255,NULL,'2007-06-05','Quisque porta volutpat erat.',1),(256,NULL,'2005-02-07','Praesent blandit lacinia erat.',19),(257,NULL,'2020-03-28','Fusce posuere felis sed lacus.',15),(258,NULL,'2004-08-26','Morbi vestibulum, velit id pretium iaculis, diam erat fermentum justo, nec condimentum neque sapien placerat ante.',11),(259,NULL,'2017-10-15','Quisque arcu libero, rutrum ac, lobortis vel, dapibus at, diam.',9),(260,NULL,'2013-02-30','In sagittis dui vel nisl.',28),(261,NULL,'2010-09-25','In blandit ultrices enim.',16),(262,NULL,'2008-03-01','Mauris ullamcorper purus sit amet nulla.',29),(263,NULL,'2018-05-24','Nulla ac enim.',26),(264,NULL,'2022-07-25','In sagittis dui vel nisl.',18),(265,NULL,'2016-09-13','Suspendisse potenti.',5),(266,NULL,'2010-07-04','Maecenas tristique, est et tempus semper, est quam pharetra magna, ac consequat metus sapien ut nunc.',11),(267,NULL,'2022-02-29','Donec odio justo, sollicitudin ut, suscipit a, feugiat et, eros.',26),(268,NULL,'2001-09-08','Aliquam quis turpis eget elit sodales scelerisque.',8),(269,NULL,'2012-09-12','In est risus, auctor sed, tristique in, tempus sit amet, sem.',26),(270,NULL,'2018-11-31','Vivamus vestibulum sagittis sapien.',4),(271,NULL,'2021-04-09','Cras non velit nec nisi vulputate nonummy.',23),(272,NULL,'2020-09-24','Vivamus vel nulla eget eros elementum pellentesque.',3),(273,NULL,'2018-03-11','Etiam vel augue.',8),(274,NULL,'2018-05-31','In congue.',18),(275,NULL,'2001-10-18','Aenean sit amet justo.',17),(276,NULL,'2003-01-10','Donec ut dolor.',19),(277,NULL,'2004-02-04','Nulla justo.',4),(278,NULL,'2003-01-23','Duis at velit eu est congue elementum.',3),(279,NULL,'2019-02-09','Donec ut dolor.',16),(280,NULL,'2018-02-21','Fusce lacus purus, aliquet at, feugiat non, pretium quis, lectus.',12),(281,NULL,'2012-09-06','Nulla tellus.',23),(282,NULL,'2004-09-19','Nam tristique tortor eu pede.',20),(283,NULL,'2009-05-15','In hac habitasse platea dictumst.',3),(284,NULL,'2005-08-23','Integer a nibh.',26),(285,NULL,'2010-05-20','Nullam molestie nibh in lectus.',12),(286,NULL,'2003-04-01','Morbi vel lectus in quam fringilla rhoncus.',6),(287,NULL,'2007-03-09','Integer ac neque.',10),(288,NULL,'2019-09-08','Mauris ullamcorper purus sit amet nulla.',27),(289,NULL,'2002-03-13','Pellentesque ultrices mattis odio.',16),(290,NULL,'2003-10-29','Maecenas tristique, est et tempus semper, est quam pharetra magna, ac consequat metus sapien ut nunc.',1),(291,NULL,'2019-01-21','Proin leo odio, porttitor id, consequat in, consequat ut, nulla.',3),(292,NULL,'2019-06-10','Nunc nisl.',6),(293,NULL,'2012-09-25','Nam congue, risus semper porta volutpat, quam pede lobortis ligula, sit amet eleifend pede libero quis orci.',10),(294,NULL,'2009-08-09','Duis consequat dui nec nisi volutpat eleifend.',16),(295,NULL,'2021-08-07','Duis bibendum, felis sed interdum venenatis, turpis enim blandit mi, in porttitor pede justo eu massa.',16),(296,NULL,'2022-05-17','Sed vel enim sit amet nunc viverra dapibus.',18),(297,NULL,'2015-03-27','In quis justo.',14),(298,NULL,'2014-05-07','Nulla ut erat id mauris vulputate elementum.',27),(299,NULL,'2005-06-07','Sed vel enim sit amet nunc viverra dapibus.',5),(300,NULL,'2019-08-17','Cras mi pede, malesuada in, imperdiet et, commodo vulputate, justo.',2),(301,NULL,'2004-10-31','Proin leo odio, porttitor id, consequat in, consequat ut, nulla.',1),(302,NULL,'2013-10-06','Nullam molestie nibh in lectus.',16),(303,NULL,'2013-11-02','Duis bibendum.',17),(304,NULL,'2019-11-04','In hac habitasse platea dictumst.',14),(305,NULL,'2011-09-17','Morbi quis tortor id nulla ultrices aliquet.',5),(306,NULL,'2006-10-14','Pellentesque at nulla.',10),(307,NULL,'2012-03-05','Quisque erat eros, viverra eget, congue eget, semper rutrum, nulla.',21),(308,NULL,'2020-02-15','Aliquam sit amet diam in magna bibendum imperdiet.',23),(309,NULL,'2022-11-31','Duis aliquam convallis nunc.',26),(310,NULL,'2008-11-27','Quisque ut erat.',8),(311,NULL,'2002-02-15','Phasellus id sapien in sapien iaculis congue.',2),(312,NULL,'2021-10-03','Proin eu mi.',10),(313,NULL,'2018-04-22','Aenean fermentum.',29),(314,NULL,'2002-03-08','In quis justo.',9),(315,NULL,'2006-10-31','Proin at turpis a pede posuere nonummy.',26),(316,NULL,'2020-04-06','Cras mi pede, malesuada in, imperdiet et, commodo vulputate, justo.',4),(317,NULL,'2019-06-24','Nulla justo.',28),(318,NULL,'2003-05-25','Curabitur at ipsum ac tellus semper interdum.',23),(319,NULL,'2019-02-08','In est risus, auctor sed, tristique in, tempus sit amet, sem.',28),(320,NULL,'2022-11-18','Praesent id massa id nisl venenatis lacinia.',8),(321,NULL,'2013-11-19','Maecenas rhoncus aliquam lacus.',5),(322,NULL,'2019-05-05','In quis justo.',26),(323,NULL,'2004-02-20','Nullam sit amet turpis elementum ligula vehicula consequat.',25),(324,NULL,'2013-06-27','Morbi quis tortor id nulla ultrices aliquet.',20),(325,NULL,'2017-11-16','Proin at turpis a pede posuere nonummy.',16),(326,NULL,'2018-05-17','Nullam porttitor lacus at turpis.',5),(327,NULL,'2006-01-03','Maecenas pulvinar lobortis est.',11),(328,NULL,'2019-05-09','Proin eu mi.',26),(329,NULL,'2016-02-14','Nam nulla.',22),(330,NULL,'2002-01-29','Morbi vestibulum, velit id pretium iaculis, diam erat fermentum justo, nec condimentum neque sapien placerat ante.',8),(331,NULL,'2019-09-29','Morbi quis tortor id nulla ultrices aliquet.',19),(332,NULL,'2009-02-09','Donec vitae nisi.',13),(333,NULL,'2016-03-13','Fusce consequat.',26),(334,NULL,'2001-08-24','Nam nulla.',7),(335,NULL,'2003-07-18','Integer ac neque.',5),(336,NULL,'2016-10-13','Morbi odio odio, elementum eu, interdum eu, tincidunt in, leo.',27),(337,NULL,'2008-07-07','Phasellus in felis.',19),(338,NULL,'2017-10-03','Duis bibendum.',18),(339,NULL,'2003-10-06','In blandit ultrices enim.',16),(340,NULL,'2019-06-01','Nullam orci pede, venenatis non, sodales sed, tincidunt eu, felis.',12),(341,NULL,'2006-04-16','Mauris lacinia sapien quis libero.',21),(342,NULL,'2014-01-14','Praesent blandit lacinia erat.',19),(343,NULL,'2007-05-22','Maecenas pulvinar lobortis est.',12),(344,NULL,'2015-03-08','Suspendisse ornare consequat lectus.',10),(345,NULL,'2021-04-17','Fusce posuere felis sed lacus.',23),(346,NULL,'2008-04-05','Maecenas tincidunt lacus at velit.',14),(347,NULL,'2016-10-29','Sed accumsan felis.',16),(348,NULL,'2003-01-31','In blandit ultrices enim.',25),(349,NULL,'2001-11-31','Pellentesque ultrices mattis odio.',4),(350,NULL,'2006-06-08','Aenean lectus.',28),(351,NULL,'2008-11-19','Morbi non lectus.',12),(352,NULL,'2011-10-03','In hac habitasse platea dictumst.',24),(353,NULL,'2021-07-08','Cras in purus eu magna vulputate luctus.',25),(354,NULL,'2013-09-31','Quisque arcu libero, rutrum ac, lobortis vel, dapibus at, diam.',3),(355,NULL,'2003-06-29','Fusce consequat.',18),(356,NULL,'2003-10-04','Etiam pretium iaculis justo.',16),(357,NULL,'2017-02-05','Morbi a ipsum.',8),(358,NULL,'2014-06-30','Quisque arcu libero, rutrum ac, lobortis vel, dapibus at, diam.',5),(359,NULL,'2004-03-19','Nullam sit amet turpis elementum ligula vehicula consequat.',9),(360,NULL,'2009-08-31','Pellentesque ultrices mattis odio.',6),(361,NULL,'2014-09-12','Proin risus.',29),(362,NULL,'2001-02-25','Vivamus in felis eu sapien cursus vestibulum.',11),(363,NULL,'2012-10-21','Vestibulum ante ipsum primis in faucibus orci luctus et ultrices posuere cubilia Curae; Donec pharetra, magna vestibulum aliquet ultrices, erat tortor sollicitudin mi, sit amet lobortis sapien sapien non mi.',16),(364,NULL,'2020-04-10','Nulla ut erat id mauris vulputate elementum.',22),(365,NULL,'2001-03-07','Quisque arcu libero, rutrum ac, lobortis vel, dapibus at, diam.',7),(366,NULL,'2022-01-15','Morbi sem mauris, laoreet ut, rhoncus aliquet, pulvinar sed, nisl.',7),(367,NULL,'2014-02-22','Maecenas ut massa quis augue luctus tincidunt.',5),(368,NULL,'2009-05-10','Vestibulum rutrum rutrum neque.',14),(369,NULL,'2007-02-20','Morbi vel lectus in quam fringilla rhoncus.',13),(370,NULL,'2022-11-10','Integer ac leo.',22),(371,NULL,'2005-10-01','Etiam justo.',25),(372,NULL,'2021-10-29','Donec ut dolor.',29),(373,NULL,'2008-07-17','Nulla ut erat id mauris vulputate elementum.',4),(374,NULL,'2009-05-13','Duis mattis egestas metus.',22),(375,NULL,'2018-07-04','Fusce congue, diam id ornare imperdiet, sapien urna pretium nisl, ut volutpat sapien arcu sed augue.',10),(376,NULL,'2012-02-30','Duis consequat dui nec nisi volutpat eleifend.',29),(377,NULL,'2001-07-28','In tempor, turpis nec euismod scelerisque, quam turpis adipiscing lorem, vitae mattis nibh ligula nec sem.',22),(378,NULL,'2022-08-16','In hac habitasse platea dictumst.',13),(379,NULL,'2002-09-20','Phasellus id sapien in sapien iaculis congue.',4),(380,NULL,'2022-08-02','Pellentesque eget nunc.',19),(381,NULL,'2021-10-25','Etiam justo.',18),(382,NULL,'2004-03-19','Morbi odio odio, elementum eu, interdum eu, tincidunt in, leo.',5),(383,NULL,'2006-06-17','Integer non velit.',10),(384,NULL,'2015-01-30','Proin risus.',30),(385,NULL,'2015-06-25','Nullam varius.',14),(386,NULL,'2011-01-28','In hac habitasse platea dictumst.',21),(387,NULL,'2022-10-02','Suspendisse potenti.',17),(388,NULL,'2010-06-16','Vivamus vestibulum sagittis sapien.',6),(389,NULL,'2009-11-19','Curabitur convallis.',1),(390,NULL,'2010-10-02','In hac habitasse platea dictumst.',26),(391,NULL,'2020-01-14','Maecenas leo odio, condimentum id, luctus nec, molestie sed, justo.',2),(392,NULL,'2020-02-13','Mauris sit amet eros.',17),(393,NULL,'2003-01-11','Proin risus.',6),(394,NULL,'2021-07-24','Aliquam non mauris.',2),(395,NULL,'2013-01-07','Aenean sit amet justo.',15),(396,NULL,'2013-01-27','Fusce congue, diam id ornare imperdiet, sapien urna pretium nisl, ut volutpat sapien arcu sed augue.',27),(397,NULL,'2002-10-19','Morbi a ipsum.',30),(398,NULL,'2019-02-03','Cum sociis natoque penatibus et magnis dis parturient montes, nascetur ridiculus mus.',12),(399,NULL,'2009-09-18','Vestibulum ante ipsum primis in faucibus orci luctus et ultrices posuere cubilia Curae; Mauris viverra diam vitae quam.',19),(400,NULL,'2018-08-02','Integer non velit.',6),(401,NULL,'2021-11-04','Morbi quis tortor id nulla ultrices aliquet.',15),(402,NULL,'2009-04-19','Nam dui.',16),(403,NULL,'2012-06-17','In hac habitasse platea dictumst.',6),(404,NULL,'2005-04-16','Integer ac neque.',2),(405,NULL,'2009-04-10','Vivamus vel nulla eget eros elementum pellentesque.',26),(406,NULL,'2015-09-02','Suspendisse accumsan tortor quis turpis.',21),(407,NULL,'2005-01-03','Curabitur in libero ut massa volutpat convallis.',10),(408,NULL,'2020-09-01','Duis bibendum.',15),(409,NULL,'2022-06-07','Nulla ac enim.',30),(410,NULL,'2017-09-15','Aliquam erat volutpat.',20),(411,NULL,'2012-05-14','Pellentesque ultrices mattis odio.',21),(412,NULL,'2004-02-16','Cum sociis natoque penatibus et magnis dis parturient montes, nascetur ridiculus mus.',26),(413,NULL,'2017-01-23','Nulla neque libero, convallis eget, eleifend luctus, ultricies eu, nibh.',10),(414,NULL,'2013-01-09','Sed sagittis.',25),(415,NULL,'2015-05-20','Donec odio justo, sollicitudin ut, suscipit a, feugiat et, eros.',21),(416,NULL,'2021-06-31','Aliquam sit amet diam in magna bibendum imperdiet.',11),(417,NULL,'2005-09-22','Mauris enim leo, rhoncus sed, vestibulum sit amet, cursus id, turpis.',28),(418,NULL,'2019-04-12','Integer ac neque.',9),(419,NULL,'2012-02-31','Praesent blandit.',18),(420,NULL,'2009-11-06','Maecenas leo odio, condimentum id, luctus nec, molestie sed, justo.',8),(421,NULL,'2007-09-13','Morbi non lectus.',11),(422,NULL,'2020-05-28','Nunc purus.',27),(423,NULL,'2008-10-04','Cum sociis natoque penatibus et magnis dis parturient montes, nascetur ridiculus mus.',16),(424,NULL,'2001-05-19','Fusce consequat.',12),(425,NULL,'2003-09-30','Maecenas tristique, est et tempus semper, est quam pharetra magna, ac consequat metus sapien ut nunc.',18),(426,NULL,'2018-05-09','Morbi quis tortor id nulla ultrices aliquet.',6),(427,NULL,'2004-09-15','Maecenas pulvinar lobortis est.',24),(428,NULL,'2002-04-12','Aliquam augue quam, sollicitudin vitae, consectetuer eget, rutrum at, lorem.',3),(429,NULL,'2003-09-24','Quisque id justo sit amet sapien dignissim vestibulum.',16),(430,NULL,'2007-07-03','Ut tellus.',28),(431,NULL,'2003-07-27','Etiam vel augue.',21),(432,NULL,'2020-02-15','Curabitur convallis.',1),(433,NULL,'2007-10-20','Pellentesque ultrices mattis odio.',28),(434,NULL,'2019-08-14','Fusce congue, diam id ornare imperdiet, sapien urna pretium nisl, ut volutpat sapien arcu sed augue.',8),(435,NULL,'2010-05-23','Aliquam erat volutpat.',22),(436,NULL,'2014-03-03','Vivamus metus arcu, adipiscing molestie, hendrerit at, vulputate vitae, nisl.',14),(437,NULL,'2016-05-12','Vestibulum sed magna at nunc commodo placerat.',9),(438,NULL,'2014-10-18','Cum sociis natoque penatibus et magnis dis parturient montes, nascetur ridiculus mus.',16),(439,NULL,'2003-05-30','Nulla facilisi.',21),(440,NULL,'2009-04-04','Quisque porta volutpat erat.',26),(441,NULL,'2001-11-01','Aliquam sit amet diam in magna bibendum imperdiet.',17),(442,NULL,'2020-08-14','Proin risus.',28),(443,NULL,'2016-03-17','Cras mi pede, malesuada in, imperdiet et, commodo vulputate, justo.',10),(444,NULL,'2008-06-03','Integer tincidunt ante vel ipsum.',15),(445,NULL,'2019-03-23','Vivamus in felis eu sapien cursus vestibulum.',23),(446,NULL,'2007-11-11','Aenean auctor gravida sem.',20),(447,NULL,'2014-09-23','Duis bibendum.',24),(448,NULL,'2011-05-26','Duis ac nibh.',3),(449,NULL,'2014-04-16','Proin leo odio, porttitor id, consequat in, consequat ut, nulla.',20),(450,NULL,'2013-03-01','Maecenas rhoncus aliquam lacus.',28),(451,NULL,'2008-02-11','Vestibulum quam sapien, varius ut, blandit non, interdum in, ante.',3),(452,NULL,'2001-11-06','In tempor, turpis nec euismod scelerisque, quam turpis adipiscing lorem, vitae mattis nibh ligula nec sem.',2),(453,NULL,'2017-03-11','Suspendisse ornare consequat lectus.',9),(454,NULL,'2014-01-28','Phasellus sit amet erat.',4),(455,NULL,'2001-09-20','Nulla mollis molestie lorem.',21),(456,NULL,'2008-09-22','Donec diam neque, vestibulum eget, vulputate ut, ultrices vel, augue.',10),(457,NULL,'2013-06-16','Etiam vel augue.',3),(458,NULL,'2010-06-11','Pellentesque at nulla.',22),(459,NULL,'2006-07-08','Curabitur in libero ut massa volutpat convallis.',1),(460,NULL,'2003-08-28','Aenean fermentum.',24),(461,NULL,'2015-01-06','Integer ac neque.',11),(462,NULL,'2007-03-08','Pellentesque eget nunc.',1),(463,NULL,'2005-10-18','Morbi a ipsum.',25),(464,NULL,'2013-09-12','Mauris sit amet eros.',5),(465,NULL,'2013-06-31','Quisque ut erat.',26),(466,NULL,'2007-03-19','In hac habitasse platea dictumst.',30),(467,NULL,'2005-05-03','Donec posuere metus vitae ipsum.',10),(468,NULL,'2018-03-27','Nullam porttitor lacus at turpis.',1),(469,NULL,'2021-07-10','Pellentesque ultrices mattis odio.',24),(470,NULL,'2021-03-25','Sed accumsan felis.',15),(471,NULL,'2002-07-21','Nunc purus.',7),(472,NULL,'2012-05-14','Pellentesque viverra pede ac diam.',8),(473,NULL,'2019-06-08','Suspendisse ornare consequat lectus.',23),(474,NULL,'2012-11-09','Proin leo odio, porttitor id, consequat in, consequat ut, nulla.',8),(475,NULL,'2002-08-07','Nullam sit amet turpis elementum ligula vehicula consequat.',10),(476,NULL,'2006-10-31','Praesent blandit lacinia erat.',20),(477,NULL,'2009-04-19','Morbi non quam nec dui luctus rutrum.',24),(478,NULL,'2001-11-29','In quis justo.',27),(479,NULL,'2019-05-08','In tempor, turpis nec euismod scelerisque, quam turpis adipiscing lorem, vitae mattis nibh ligula nec sem.',27),(480,NULL,'2007-04-23','Sed accumsan felis.',5),(481,NULL,'2016-07-24','Mauris ullamcorper purus sit amet nulla.',8),(482,NULL,'2011-05-20','Nulla nisl.',7),(483,NULL,'2009-03-25','Aliquam quis turpis eget elit sodales scelerisque.',24),(484,NULL,'2009-10-23','Nulla neque libero, convallis eget, eleifend luctus, ultricies eu, nibh.',5),(485,NULL,'2006-03-12','Donec semper sapien a libero.',4),(486,NULL,'2019-07-04','Quisque porta volutpat erat.',12),(487,NULL,'2016-06-06','Sed ante.',19),(488,NULL,'2009-09-20','Aliquam sit amet diam in magna bibendum imperdiet.',10),(489,NULL,'2005-11-20','Vivamus in felis eu sapien cursus vestibulum.',26),(490,NULL,'2012-09-23','Donec ut mauris eget massa tempor convallis.',24),(491,NULL,'2020-05-03','Aliquam quis turpis eget elit sodales scelerisque.',25),(492,NULL,'2010-11-18','Aliquam sit amet diam in magna bibendum imperdiet.',29),(493,NULL,'2015-07-16','In est risus, auctor sed, tristique in, tempus sit amet, sem.',3),(494,NULL,'2019-05-20','Aliquam non mauris.',4),(495,NULL,'2021-01-29','In est risus, auctor sed, tristique in, tempus sit amet, sem.',19),(496,NULL,'2012-07-06','Phasellus id sapien in sapien iaculis congue.',23),(497,NULL,'2017-03-04','Nulla neque libero, convallis eget, eleifend luctus, ultricies eu, nibh.',20),(498,NULL,'2011-11-06','Cras pellentesque volutpat dui.',13),(499,NULL,'2010-03-30','Aenean auctor gravida sem.',18),(500,NULL,'2016-09-03','Integer pede justo, lacinia eget, tincidunt eget, tempus vel, pede.',19),(501,NULL,'2006-03-05','Maecenas pulvinar lobortis est.',11),(502,NULL,'2008-07-27','Proin leo odio, porttitor id, consequat in, consequat ut, nulla.',29),(503,NULL,'2018-03-05','Morbi vestibulum, velit id pretium iaculis, diam erat fermentum justo, nec condimentum neque sapien placerat ante.',2),(504,NULL,'2008-01-18','Cum sociis natoque penatibus et magnis dis parturient montes, nascetur ridiculus mus.',23),(505,NULL,'2007-01-27','Duis aliquam convallis nunc.',12),(506,NULL,'2012-03-16','Quisque id justo sit amet sapien dignissim vestibulum.',14),(507,NULL,'2018-07-18','Mauris sit amet eros.',21),(508,NULL,'2001-06-07','Morbi ut odio.',22),(509,NULL,'2005-08-28','Suspendisse accumsan tortor quis turpis.',14),(510,NULL,'2003-09-17','Fusce lacus purus, aliquet at, feugiat non, pretium quis, lectus.',26),(511,NULL,'2003-02-26','Integer a nibh.',1),(512,NULL,'2022-11-10','Vestibulum ante ipsum primis in faucibus orci luctus et ultrices posuere cubilia Curae; Duis faucibus accumsan odio.',29),(513,NULL,'2018-11-27','Quisque arcu libero, rutrum ac, lobortis vel, dapibus at, diam.',2),(514,NULL,'2002-09-24','Integer ac neque.',18),(515,NULL,'2009-09-08','Fusce lacus purus, aliquet at, feugiat non, pretium quis, lectus.',26),(516,NULL,'2009-07-13','Suspendisse potenti.',3),(517,NULL,'2019-01-27','Duis aliquam convallis nunc.',20),(518,NULL,'2002-07-29','Nulla facilisi.',20),(519,NULL,'2019-09-31','Suspendisse potenti.',20),(520,NULL,'2003-09-11','Vestibulum ante ipsum primis in faucibus orci luctus et ultrices posuere cubilia Curae; Duis faucibus accumsan odio.',29),(521,NULL,'2004-06-07','In hac habitasse platea dictumst.',22),(522,NULL,'2019-08-11','Fusce consequat.',4),(523,NULL,'2022-07-29','In hac habitasse platea dictumst.',29),(524,NULL,'2010-07-04','Ut tellus.',20),(525,NULL,'2007-02-24','In hac habitasse platea dictumst.',24),(526,NULL,'2016-04-19','Aenean lectus.',12),(527,NULL,'2012-02-19','Pellentesque viverra pede ac diam.',14),(528,NULL,'2006-09-16','Pellentesque eget nunc.',17),(529,NULL,'2021-02-30','Quisque erat eros, viverra eget, congue eget, semper rutrum, nulla.',2),(530,NULL,'2010-03-21','Quisque ut erat.',1),(531,NULL,'2009-10-16','Cum sociis natoque penatibus et magnis dis parturient montes, nascetur ridiculus mus.',19),(532,NULL,'2004-04-01','In eleifend quam a odio.',21),(533,NULL,'2021-08-04','Cras in purus eu magna vulputate luctus.',2),(534,NULL,'2021-01-08','Nunc rhoncus dui vel sem.',26),(535,NULL,'2004-11-21','Suspendisse accumsan tortor quis turpis.',12),(536,NULL,'2010-07-03','Aenean fermentum.',14),(537,NULL,'2014-10-17','Mauris enim leo, rhoncus sed, vestibulum sit amet, cursus id, turpis.',21),(538,NULL,'2007-08-31','In hac habitasse platea dictumst.',25),(539,NULL,'2005-02-07','Nulla facilisi.',26),(540,NULL,'2013-04-26','Praesent lectus.',19),(541,NULL,'2002-02-09','Aliquam erat volutpat.',7),(542,NULL,'2009-03-25','Proin leo odio, porttitor id, consequat in, consequat ut, nulla.',22),(543,NULL,'2016-01-23','Suspendisse potenti.',13),(544,NULL,'2004-05-15','Morbi odio odio, elementum eu, interdum eu, tincidunt in, leo.',10),(545,NULL,'2021-05-06','Nam nulla.',23),(546,NULL,'2006-03-06','Aliquam sit amet diam in magna bibendum imperdiet.',20),(547,NULL,'2014-01-01','Vivamus metus arcu, adipiscing molestie, hendrerit at, vulputate vitae, nisl.',18),(548,NULL,'2020-04-14','Vestibulum ante ipsum primis in faucibus orci luctus et ultrices posuere cubilia Curae; Duis faucibus accumsan odio.',27),(549,NULL,'2016-05-07','In eleifend quam a odio.',26),(550,NULL,'2012-05-30','Fusce lacus purus, aliquet at, feugiat non, pretium quis, lectus.',26),(551,NULL,'2017-05-18','Integer aliquet, massa id lobortis convallis, tortor risus dapibus augue, vel accumsan tellus nisi eu orci.',4),(552,NULL,'2011-11-17','Etiam pretium iaculis justo.',7),(553,NULL,'2003-04-07','Sed vel enim sit amet nunc viverra dapibus.',14),(554,NULL,'2021-05-16','Nunc rhoncus dui vel sem.',3),(555,NULL,'2003-07-26','In hac habitasse platea dictumst.',23),(556,NULL,'2019-06-20','Mauris sit amet eros.',7),(557,NULL,'2020-11-24','Nulla nisl.',9),(558,NULL,'2018-01-26','Aenean auctor gravida sem.',27),(559,NULL,'2018-04-18','Sed ante.',17),(560,NULL,'2018-09-05','Maecenas leo odio, condimentum id, luctus nec, molestie sed, justo.',30),(561,NULL,'2011-10-02','Lorem ipsum dolor sit amet, consectetuer adipiscing elit.',21),(562,NULL,'2016-01-10','Nunc rhoncus dui vel sem.',21),(563,NULL,'2006-06-26','Duis bibendum, felis sed interdum venenatis, turpis enim blandit mi, in porttitor pede justo eu massa.',13),(564,NULL,'2002-08-24','Aenean lectus.',13),(565,NULL,'2022-04-30','Pellentesque at nulla.',9),(566,NULL,'2018-04-31','Mauris ullamcorper purus sit amet nulla.',7),(567,NULL,'2019-06-16','Etiam faucibus cursus urna.',29),(568,NULL,'2013-09-01','Maecenas ut massa quis augue luctus tincidunt.',30),(569,NULL,'2022-05-17','Nulla tempus.',25),(570,NULL,'2016-02-09','Morbi porttitor lorem id ligula.',25),(571,NULL,'2017-10-04','Morbi porttitor lorem id ligula.',4),(572,NULL,'2022-11-16','Vestibulum ante ipsum primis in faucibus orci luctus et ultrices posuere cubilia Curae; Nulla dapibus dolor vel est.',3),(573,NULL,'2019-10-01','Morbi non lectus.',3),(574,NULL,'2008-11-07','Nullam varius.',29),(575,NULL,'2016-01-01','Vestibulum rutrum rutrum neque.',2),(576,NULL,'2021-01-16','Vestibulum ante ipsum primis in faucibus orci luctus et ultrices posuere cubilia Curae; Nulla dapibus dolor vel est.',26),(577,NULL,'2016-11-24','Mauris sit amet eros.',10),(578,NULL,'2018-02-16','Integer ac neque.',30),(579,NULL,'2022-11-12','Morbi porttitor lorem id ligula.',12),(580,NULL,'2021-04-26','Maecenas leo odio, condimentum id, luctus nec, molestie sed, justo.',16),(581,NULL,'2005-04-02','Nam congue, risus semper porta volutpat, quam pede lobortis ligula, sit amet eleifend pede libero quis orci.',8),(582,NULL,'2011-03-27','Integer non velit.',4),(583,NULL,'2010-04-24','Pellentesque ultrices mattis odio.',23),(584,NULL,'2014-02-23','Fusce congue, diam id ornare imperdiet, sapien urna pretium nisl, ut volutpat sapien arcu sed augue.',27),(585,NULL,'2017-10-30','Suspendisse ornare consequat lectus.',12),(586,NULL,'2018-06-07','Donec semper sapien a libero.',16),(587,NULL,'2002-09-26','Duis at velit eu est congue elementum.',11),(588,NULL,'2008-03-16','Integer pede justo, lacinia eget, tincidunt eget, tempus vel, pede.',20),(589,NULL,'2002-03-31','Vestibulum ante ipsum primis in faucibus orci luctus et ultrices posuere cubilia Curae; Mauris viverra diam vitae quam.',20),(590,NULL,'2021-01-10','Nam congue, risus semper porta volutpat, quam pede lobortis ligula, sit amet eleifend pede libero quis orci.',11),(591,NULL,'2022-02-07','Morbi porttitor lorem id ligula.',6),(592,NULL,'2001-05-09','Donec semper sapien a libero.',24),(593,NULL,'2019-03-28','Maecenas rhoncus aliquam lacus.',3),(594,NULL,'2019-11-12','Mauris sit amet eros.',22),(595,NULL,'2010-01-16','Morbi vel lectus in quam fringilla rhoncus.',30),(596,NULL,'2012-11-12','Proin risus.',18),(597,NULL,'2003-06-18','Maecenas rhoncus aliquam lacus.',12),(598,NULL,'2021-08-06','Nam ultrices, libero non mattis pulvinar, nulla pede ullamcorper augue, a suscipit nulla elit ac nulla.',6),(599,NULL,'2003-04-29','Quisque id justo sit amet sapien dignissim vestibulum.',2),(600,NULL,'2008-02-28','Fusce consequat.',13),(601,NULL,'2011-09-20','Morbi vel lectus in quam fringilla rhoncus.',17),(602,NULL,'2002-10-07','Mauris enim leo, rhoncus sed, vestibulum sit amet, cursus id, turpis.',21),(603,NULL,'2022-05-19','Vestibulum ante ipsum primis in faucibus orci luctus et ultrices posuere cubilia Curae; Duis faucibus accumsan odio.',30),(604,NULL,'2006-06-17','Duis aliquam convallis nunc.',14),(605,NULL,'2011-03-06','In hac habitasse platea dictumst.',8),(606,NULL,'2018-03-25','Morbi sem mauris, laoreet ut, rhoncus aliquet, pulvinar sed, nisl.',8),(607,NULL,'2010-08-16','Proin risus.',16),(608,NULL,'2007-07-11','Cras mi pede, malesuada in, imperdiet et, commodo vulputate, justo.',30),(609,NULL,'2011-02-05','Morbi non quam nec dui luctus rutrum.',6),(610,NULL,'2010-07-16','Morbi non quam nec dui luctus rutrum.',19),(611,NULL,'2014-03-25','Donec ut dolor.',24),(612,NULL,'2018-01-08','Aenean lectus.',10),(613,NULL,'2018-09-20','Donec ut dolor.',15),(614,NULL,'2004-01-09','Fusce congue, diam id ornare imperdiet, sapien urna pretium nisl, ut volutpat sapien arcu sed augue.',28),(615,NULL,'2005-10-02','Pellentesque at nulla.',16),(616,NULL,'2010-06-17','Fusce congue, diam id ornare imperdiet, sapien urna pretium nisl, ut volutpat sapien arcu sed augue.',20),(617,NULL,'2009-10-21','In hac habitasse platea dictumst.',29),(618,NULL,'2011-10-25','Suspendisse potenti.',19),(619,NULL,'2009-03-03','Vestibulum quam sapien, varius ut, blandit non, interdum in, ante.',20),(620,NULL,'2003-03-27','Duis mattis egestas metus.',26),(621,NULL,'2017-02-24','Cras pellentesque volutpat dui.',2),(622,NULL,'2020-04-13','Etiam justo.',22),(623,NULL,'2015-01-20','Etiam justo.',9),(624,NULL,'2011-07-09','Morbi ut odio.',9),(625,NULL,'2003-04-15','Etiam justo.',1),(626,NULL,'2004-02-21','Aliquam augue quam, sollicitudin vitae, consectetuer eget, rutrum at, lorem.',28),(627,NULL,'2020-11-07','Maecenas leo odio, condimentum id, luctus nec, molestie sed, justo.',25),(628,NULL,'2003-06-20','Pellentesque viverra pede ac diam.',2),(629,NULL,'2006-03-13','Maecenas leo odio, condimentum id, luctus nec, molestie sed, justo.',8),(630,NULL,'2017-11-03','Praesent blandit.',13),(631,NULL,'2021-02-14','Sed sagittis.',2),(632,NULL,'2016-01-07','Suspendisse potenti.',4),(633,NULL,'2016-07-18','In congue.',16),(634,'Abandonner','2022-05-29','Vestibulum quam sapien, varius ut, blandit non, interdum in, ante.',11),(635,NULL,'2022-10-23','Morbi vel lectus in quam fringilla rhoncus.',23),(636,NULL,'2017-06-20','Duis consequat dui nec nisi volutpat eleifend.',16),(637,NULL,'2010-05-29','In hac habitasse platea dictumst.',1),(638,NULL,'2004-06-14','Nullam sit amet turpis elementum ligula vehicula consequat.',11),(639,NULL,'2005-09-09','Morbi porttitor lorem id ligula.',20),(640,NULL,'2014-11-16','Vivamus in felis eu sapien cursus vestibulum.',20),(641,NULL,'2007-05-16','Duis at velit eu est congue elementum.',6),(642,NULL,'2021-04-29','Morbi odio odio, elementum eu, interdum eu, tincidunt in, leo.',28),(643,NULL,'2021-10-08','Quisque ut erat.',10),(644,NULL,'2003-02-11','Lorem ipsum dolor sit amet, consectetuer adipiscing elit.',6),(645,NULL,'2003-07-10','Nulla tellus.',2),(646,NULL,'2020-09-22','Donec posuere metus vitae ipsum.',21),(647,NULL,'2020-01-06','Vestibulum sed magna at nunc commodo placerat.',4),(648,NULL,'2022-10-10','Integer pede justo, lacinia eget, tincidunt eget, tempus vel, pede.',19),(649,NULL,'2020-03-20','Cum sociis natoque penatibus et magnis dis parturient montes, nascetur ridiculus mus.',4),(650,NULL,'2021-07-19','Fusce congue, diam id ornare imperdiet, sapien urna pretium nisl, ut volutpat sapien arcu sed augue.',3),(651,NULL,'2003-03-14','Morbi odio odio, elementum eu, interdum eu, tincidunt in, leo.',25),(652,NULL,'2005-10-31','Nunc nisl.',18),(653,NULL,'2006-11-19','Morbi quis tortor id nulla ultrices aliquet.',13),(654,NULL,'2009-02-10','Morbi odio odio, elementum eu, interdum eu, tincidunt in, leo.',24),(655,NULL,'2021-03-21','Aliquam non mauris.',21),(656,NULL,'2002-07-10','Vivamus vel nulla eget eros elementum pellentesque.',29),(657,NULL,'2009-06-08','Sed vel enim sit amet nunc viverra dapibus.',11),(658,NULL,'2012-02-08','Phasellus sit amet erat.',7),(659,NULL,'2007-11-28','Quisque id justo sit amet sapien dignissim vestibulum.',24),(660,NULL,'2021-06-27','Mauris lacinia sapien quis libero.',19),(661,NULL,'2001-09-20','Morbi quis tortor id nulla ultrices aliquet.',18),(662,NULL,'2004-10-06','Vestibulum ante ipsum primis in faucibus orci luctus et ultrices posuere cubilia Curae; Nulla dapibus dolor vel est.',27),(663,NULL,'2016-09-18','Nunc rhoncus dui vel sem.',10),(664,NULL,'2013-10-20','Donec semper sapien a libero.',26),(665,NULL,'2012-03-08','Donec odio justo, sollicitudin ut, suscipit a, feugiat et, eros.',28),(666,NULL,'2002-02-19','Cum sociis natoque penatibus et magnis dis parturient montes, nascetur ridiculus mus.',13),(667,NULL,'2022-05-17','Vivamus vel nulla eget eros elementum pellentesque.',2),(668,NULL,'2019-09-27','Proin risus.',23),(669,NULL,'2011-09-01','Donec ut dolor.',14),(670,NULL,'2017-08-19','Integer aliquet, massa id lobortis convallis, tortor risus dapibus augue, vel accumsan tellus nisi eu orci.',13),(671,NULL,'2012-06-25','Suspendisse potenti.',1),(672,NULL,'2017-01-21','Suspendisse potenti.',19),(673,NULL,'2022-01-17','Praesent blandit lacinia erat.',26),(674,NULL,'2013-07-18','Proin at turpis a pede posuere nonummy.',13),(675,NULL,'2019-05-07','Etiam faucibus cursus urna.',4),(676,NULL,'2012-02-25','In est risus, auctor sed, tristique in, tempus sit amet, sem.',10),(677,NULL,'2001-07-18','Cras mi pede, malesuada in, imperdiet et, commodo vulputate, justo.',25),(678,NULL,'2020-07-31','Integer tincidunt ante vel ipsum.',25),(679,NULL,'2008-10-29','Vivamus vestibulum sagittis sapien.',1),(680,NULL,'2009-08-05','Nulla tellus.',28),(681,NULL,'2018-07-01','Nam ultrices, libero non mattis pulvinar, nulla pede ullamcorper augue, a suscipit nulla elit ac nulla.',18),(682,NULL,'2016-05-07','Nulla ac enim.',26),(683,NULL,'2021-04-30','Nulla suscipit ligula in lacus.',14),(684,NULL,'2019-01-28','Vivamus tortor.',20),(685,NULL,'2008-06-27','Integer pede justo, lacinia eget, tincidunt eget, tempus vel, pede.',28),(686,NULL,'2009-08-06','Donec ut mauris eget massa tempor convallis.',13),(687,NULL,'2005-11-20','Lorem ipsum dolor sit amet, consectetuer adipiscing elit.',4),(688,NULL,'2012-02-23','Nunc nisl.',7),(689,NULL,'2017-02-12','Cras non velit nec nisi vulputate nonummy.',6),(690,NULL,'2010-05-29','Sed accumsan felis.',3),(691,NULL,'2015-07-30','Proin risus.',26),(692,NULL,'2012-08-04','Fusce posuere felis sed lacus.',29),(693,NULL,'2021-05-15','Nulla tempus.',6),(694,NULL,'2003-01-25','Nam congue, risus semper porta volutpat, quam pede lobortis ligula, sit amet eleifend pede libero quis orci.',19),(695,NULL,'2016-02-26','Aenean sit amet justo.',30),(696,NULL,'2013-06-01','Maecenas tristique, est et tempus semper, est quam pharetra magna, ac consequat metus sapien ut nunc.',15),(697,NULL,'2008-04-12','Sed vel enim sit amet nunc viverra dapibus.',5),(698,NULL,'2015-06-02','Morbi non lectus.',9),(699,NULL,'2008-10-31','Suspendisse potenti.',22),(700,NULL,'2007-03-12','Praesent id massa id nisl venenatis lacinia.',17),(701,NULL,'2015-08-09','Vestibulum sed magna at nunc commodo placerat.',13),(702,NULL,'2013-02-19','Suspendisse potenti.',24),(703,NULL,'2013-11-31','Nulla tellus.',12),(704,NULL,'2003-02-29','Suspendisse ornare consequat lectus.',29),(705,NULL,'2016-10-05','Morbi vestibulum, velit id pretium iaculis, diam erat fermentum justo, nec condimentum neque sapien placerat ante.',19),(706,NULL,'2003-01-06','Cum sociis natoque penatibus et magnis dis parturient montes, nascetur ridiculus mus.',19),(707,NULL,'2004-04-30','Suspendisse potenti.',28),(708,NULL,'2018-04-14','Aenean auctor gravida sem.',6),(709,NULL,'2004-06-23','Sed vel enim sit amet nunc viverra dapibus.',9),(710,NULL,'2021-04-04','Mauris ullamcorper purus sit amet nulla.',10),(711,NULL,'2007-01-20','Duis bibendum.',25),(712,NULL,'2017-01-08','Duis ac nibh.',20),(713,NULL,'2011-07-19','Duis consequat dui nec nisi volutpat eleifend.',3),(714,NULL,'2015-02-12','Vestibulum rutrum rutrum neque.',9),(715,NULL,'2008-07-13','Mauris ullamcorper purus sit amet nulla.',6),(716,NULL,'2006-05-09','In eleifend quam a odio.',26),(717,NULL,'2002-07-04','Nulla tempus.',29),(718,NULL,'2022-08-09','Morbi vestibulum, velit id pretium iaculis, diam erat fermentum justo, nec condimentum neque sapien placerat ante.',10),(719,NULL,'2021-02-05','Proin eu mi.',4),(720,NULL,'2013-05-18','Vivamus tortor.',22),(721,NULL,'2018-02-19','Mauris sit amet eros.',18),(722,NULL,'2006-02-13','Proin leo odio, porttitor id, consequat in, consequat ut, nulla.',13),(723,NULL,'2020-11-18','Quisque arcu libero, rutrum ac, lobortis vel, dapibus at, diam.',20),(724,NULL,'2017-05-11','Curabitur in libero ut massa volutpat convallis.',19),(725,NULL,'2010-03-16','Cum sociis natoque penatibus et magnis dis parturient montes, nascetur ridiculus mus.',15),(726,NULL,'2022-09-10','Sed ante.',23),(727,NULL,'2009-05-01','In hac habitasse platea dictumst.',12),(728,NULL,'2007-05-19','Suspendisse accumsan tortor quis turpis.',28),(729,NULL,'2018-01-25','Ut tellus.',27),(730,NULL,'2009-06-07','Nunc nisl.',4),(731,NULL,'2005-10-13','In est risus, auctor sed, tristique in, tempus sit amet, sem.',29),(732,NULL,'2001-04-29','Vestibulum ante ipsum primis in faucibus orci luctus et ultrices posuere cubilia Curae; Mauris viverra diam vitae quam.',4),(733,NULL,'2010-06-27','In congue.',27),(734,NULL,'2002-10-01','Cum sociis natoque penatibus et magnis dis parturient montes, nascetur ridiculus mus.',17),(735,NULL,'2014-03-14','Vestibulum ante ipsum primis in faucibus orci luctus et ultrices posuere cubilia Curae; Mauris viverra diam vitae quam.',23),(736,NULL,'2019-02-29','Vestibulum ante ipsum primis in faucibus orci luctus et ultrices posuere cubilia Curae; Mauris viverra diam vitae quam.',19),(737,NULL,'2002-10-26','Morbi vel lectus in quam fringilla rhoncus.',30),(738,NULL,'2010-06-06','Donec vitae nisi.',24),(739,NULL,'2006-03-05','Nam dui.',14),(740,NULL,'2001-09-04','Suspendisse potenti.',18),(741,NULL,'2004-08-29','Nunc rhoncus dui vel sem.',24),(742,NULL,'2014-10-31','Nulla tempus.',5),(743,NULL,'2010-06-18','Nulla neque libero, convallis eget, eleifend luctus, ultricies eu, nibh.',5),(744,NULL,'2005-09-14','Nunc purus.',23),(745,NULL,'2018-10-10','Ut at dolor quis odio consequat varius.',21),(746,NULL,'2009-01-03','Proin risus.',13),(747,NULL,'2015-06-12','Duis bibendum.',9),(748,NULL,'2009-10-04','Nulla neque libero, convallis eget, eleifend luctus, ultricies eu, nibh.',14),(749,NULL,'2017-01-01','Nullam varius.',12),(750,NULL,'2014-06-04','Nunc nisl.',24),(751,NULL,'2021-08-08','Pellentesque viverra pede ac diam.',5),(752,NULL,'2008-07-23','Sed vel enim sit amet nunc viverra dapibus.',14),(753,NULL,'2018-03-25','Integer pede justo, lacinia eget, tincidunt eget, tempus vel, pede.',25),(754,NULL,'2016-03-27','Aliquam quis turpis eget elit sodales scelerisque.',8),(755,NULL,'2001-01-25','Praesent id massa id nisl venenatis lacinia.',30),(756,NULL,'2018-11-30','Praesent id massa id nisl venenatis lacinia.',16),(757,NULL,'2005-06-21','Nunc nisl.',24),(758,NULL,'2003-01-12','Nulla tellus.',21),(759,NULL,'2012-08-20','Lorem ipsum dolor sit amet, consectetuer adipiscing elit.',30),(760,NULL,'2009-06-09','Mauris sit amet eros.',24),(761,NULL,'2018-07-28','In hac habitasse platea dictumst.',20),(762,NULL,'2021-08-03','Quisque ut erat.',8),(763,NULL,'2006-10-08','Donec diam neque, vestibulum eget, vulputate ut, ultrices vel, augue.',6),(764,NULL,'2003-07-21','Morbi non quam nec dui luctus rutrum.',7),(765,NULL,'2006-06-11','Sed ante.',20),(766,NULL,'2013-11-01','Etiam justo.',16),(767,NULL,'2011-01-13','Donec odio justo, sollicitudin ut, suscipit a, feugiat et, eros.',14),(768,NULL,'2010-03-01','Nullam molestie nibh in lectus.',9),(769,NULL,'2020-10-24','Suspendisse ornare consequat lectus.',19),(770,NULL,'2004-03-05','Nulla tempus.',4),(771,NULL,'2004-09-31','Donec ut mauris eget massa tempor convallis.',16),(772,NULL,'2003-10-16','Sed accumsan felis.',20),(773,NULL,'2013-01-04','Aenean lectus.',16),(774,NULL,'2006-09-06','Nulla ac enim.',22),(775,NULL,'2019-06-31','Nam ultrices, libero non mattis pulvinar, nulla pede ullamcorper augue, a suscipit nulla elit ac nulla.',25),(776,NULL,'2010-05-18','In quis justo.',4),(777,NULL,'2001-04-27','In hac habitasse platea dictumst.',19),(778,NULL,'2018-02-06','Nulla justo.',18),(779,NULL,'2001-11-21','Suspendisse ornare consequat lectus.',28),(780,NULL,'2012-07-19','Maecenas pulvinar lobortis est.',30),(781,NULL,'2002-09-03','Vivamus vel nulla eget eros elementum pellentesque.',4),(782,NULL,'2011-07-05','In hac habitasse platea dictumst.',3),(783,NULL,'2019-05-14','Aenean auctor gravida sem.',4),(784,NULL,'2010-03-06','Nam nulla.',24),(785,NULL,'2008-10-10','Fusce posuere felis sed lacus.',14),(786,NULL,'2011-08-05','Fusce consequat.',28),(787,NULL,'2020-06-25','Fusce consequat.',27),(788,NULL,'2012-07-01','Maecenas leo odio, condimentum id, luctus nec, molestie sed, justo.',30),(789,NULL,'2010-01-25','Aliquam sit amet diam in magna bibendum imperdiet.',4),(790,NULL,'2002-09-10','Fusce lacus purus, aliquet at, feugiat non, pretium quis, lectus.',29),(791,NULL,'2014-04-27','Nam ultrices, libero non mattis pulvinar, nulla pede ullamcorper augue, a suscipit nulla elit ac nulla.',12),(792,NULL,'2004-10-12','Nulla neque libero, convallis eget, eleifend luctus, ultricies eu, nibh.',29),(793,NULL,'2010-05-17','Maecenas pulvinar lobortis est.',6),(794,NULL,'2021-04-28','Duis ac nibh.',4),(795,NULL,'2013-01-01','Vivamus vel nulla eget eros elementum pellentesque.',2),(796,NULL,'2018-09-28','Aliquam non mauris.',13),(797,NULL,'2001-09-12','Nam tristique tortor eu pede.',10),(798,NULL,'2018-08-15','Suspendisse potenti.',14),(799,NULL,'2022-01-26','Nullam porttitor lacus at turpis.',20),(800,NULL,'2014-08-18','Integer ac neque.',6),(801,NULL,'2017-07-16','Aenean auctor gravida sem.',2),(802,NULL,'2003-01-10','Donec semper sapien a libero.',16),(803,NULL,'2020-09-05','Cum sociis natoque penatibus et magnis dis parturient montes, nascetur ridiculus mus.',9),(804,NULL,'2003-01-05','Lorem ipsum dolor sit amet, consectetuer adipiscing elit.',29),(805,NULL,'2013-09-23','Duis at velit eu est congue elementum.',16),(806,NULL,'2015-05-04','Aliquam quis turpis eget elit sodales scelerisque.',28),(807,NULL,'2010-09-18','Etiam justo.',23),(808,NULL,'2001-07-25','Duis mattis egestas metus.',9),(809,NULL,'2022-06-23','Praesent id massa id nisl venenatis lacinia.',15),(810,NULL,'2014-05-18','Pellentesque ultrices mattis odio.',1),(811,NULL,'2006-07-04','Morbi sem mauris, laoreet ut, rhoncus aliquet, pulvinar sed, nisl.',22),(812,NULL,'2015-07-07','Duis ac nibh.',10),(813,NULL,'2006-06-09','Donec odio justo, sollicitudin ut, suscipit a, feugiat et, eros.',20),(814,NULL,'2007-04-30','Vestibulum ac est lacinia nisi venenatis tristique.',10),(815,NULL,'2015-02-16','Quisque porta volutpat erat.',5),(816,NULL,'2021-07-08','Nulla tempus.',6),(817,NULL,'2016-01-27','Aliquam quis turpis eget elit sodales scelerisque.',18),(818,NULL,'2005-06-09','Donec odio justo, sollicitudin ut, suscipit a, feugiat et, eros.',2),(819,NULL,'2022-07-29','Fusce congue, diam id ornare imperdiet, sapien urna pretium nisl, ut volutpat sapien arcu sed augue.',25),(820,NULL,'2020-11-30','Donec vitae nisi.',8),(821,NULL,'2005-08-26','Suspendisse potenti.',5),(822,NULL,'2019-05-29','In eleifend quam a odio.',8),(823,NULL,'2019-07-28','Praesent lectus.',8),(824,NULL,'2015-05-20','Ut tellus.',12),(825,NULL,'2014-11-04','Vestibulum ac est lacinia nisi venenatis tristique.',5),(826,NULL,'2001-01-21','Vivamus vestibulum sagittis sapien.',6),(827,NULL,'2005-08-03','Integer tincidunt ante vel ipsum.',3),(828,NULL,'2019-05-19','Donec posuere metus vitae ipsum.',5),(829,NULL,'2015-04-06','Curabitur convallis.',12),(830,NULL,'2016-10-31','Donec odio justo, sollicitudin ut, suscipit a, feugiat et, eros.',5),(831,NULL,'2015-03-12','Nulla nisl.',10),(832,NULL,'2017-01-15','Nulla nisl.',9),(833,NULL,'2007-05-12','Cras mi pede, malesuada in, imperdiet et, commodo vulputate, justo.',23),(834,NULL,'2017-08-16','Integer ac leo.',7),(835,NULL,'2011-08-24','Proin risus.',24),(836,NULL,'2005-08-02','In hac habitasse platea dictumst.',1),(837,NULL,'2016-09-23','In eleifend quam a odio.',17),(838,NULL,'2010-02-14','Pellentesque ultrices mattis odio.',4),(839,NULL,'2022-02-30','In congue.',29),(840,NULL,'2018-11-02','Vestibulum ante ipsum primis in faucibus orci luctus et ultrices posuere cubilia Curae; Donec pharetra, magna vestibulum aliquet ultrices, erat tortor sollicitudin mi, sit amet lobortis sapien sapien non mi.',19),(841,NULL,'2011-10-16','Vestibulum quam sapien, varius ut, blandit non, interdum in, ante.',2),(842,NULL,'2009-03-28','Nulla ac enim.',24),(843,NULL,'2014-09-18','Vestibulum ante ipsum primis in faucibus orci luctus et ultrices posuere cubilia Curae; Duis faucibus accumsan odio.',20),(844,NULL,'2010-08-21','Morbi porttitor lorem id ligula.',26),(845,NULL,'2009-06-31','Curabitur at ipsum ac tellus semper interdum.',27),(846,NULL,'2001-01-02','Vestibulum ante ipsum primis in faucibus orci luctus et ultrices posuere cubilia Curae; Mauris viverra diam vitae quam.',5),(847,NULL,'2014-06-21','Phasellus in felis.',21),(848,NULL,'2017-11-31','Vestibulum quam sapien, varius ut, blandit non, interdum in, ante.',24),(849,NULL,'2006-10-11','Quisque erat eros, viverra eget, congue eget, semper rutrum, nulla.',8),(850,NULL,'2014-05-18','Sed accumsan felis.',8),(851,NULL,'2004-11-12','Aliquam erat volutpat.',5),(852,NULL,'2009-05-11','Sed ante.',16),(853,NULL,'2008-08-09','Fusce congue, diam id ornare imperdiet, sapien urna pretium nisl, ut volutpat sapien arcu sed augue.',2),(854,NULL,'2003-02-13','Vestibulum ante ipsum primis in faucibus orci luctus et ultrices posuere cubilia Curae; Mauris viverra diam vitae quam.',9),(855,NULL,'2006-03-22','Nullam sit amet turpis elementum ligula vehicula consequat.',1),(856,NULL,'2011-09-20','Morbi vestibulum, velit id pretium iaculis, diam erat fermentum justo, nec condimentum neque sapien placerat ante.',7),(857,NULL,'2001-03-08','Integer ac neque.',4),(858,NULL,'2019-11-26','Pellentesque viverra pede ac diam.',20),(859,NULL,'2006-01-21','Mauris ullamcorper purus sit amet nulla.',28),(860,NULL,'2022-09-29','Lorem ipsum dolor sit amet, consectetuer adipiscing elit.',19),(861,NULL,'2015-06-21','Aenean lectus.',3),(862,NULL,'2009-01-10','Vivamus metus arcu, adipiscing molestie, hendrerit at, vulputate vitae, nisl.',8),(863,NULL,'2004-08-09','Quisque id justo sit amet sapien dignissim vestibulum.',14),(864,NULL,'2002-08-15','Proin at turpis a pede posuere nonummy.',21),(865,NULL,'2002-02-02','Nam dui.',4),(866,NULL,'2017-03-24','Morbi non lectus.',15),(867,NULL,'2020-02-25','Nullam porttitor lacus at turpis.',30),(868,NULL,'2012-05-14','Morbi porttitor lorem id ligula.',15),(869,NULL,'2012-06-22','Etiam pretium iaculis justo.',10),(870,NULL,'2008-07-02','Aenean sit amet justo.',21),(871,NULL,'2002-06-28','Vestibulum quam sapien, varius ut, blandit non, interdum in, ante.',22),(872,NULL,'2005-08-24','Fusce congue, diam id ornare imperdiet, sapien urna pretium nisl, ut volutpat sapien arcu sed augue.',16),(873,NULL,'2015-06-10','Nullam orci pede, venenatis non, sodales sed, tincidunt eu, felis.',15),(874,NULL,'2017-09-27','Cras non velit nec nisi vulputate nonummy.',3),(875,NULL,'2008-01-30','Aenean fermentum.',23),(876,NULL,'2022-02-16','Lorem ipsum dolor sit amet, consectetuer adipiscing elit.',1),(877,NULL,'2014-01-28','Maecenas tristique, est et tempus semper, est quam pharetra magna, ac consequat metus sapien ut nunc.',17),(878,NULL,'2019-02-06','Duis bibendum.',1),(879,NULL,'2020-10-30','Duis mattis egestas metus.',11),(880,NULL,'2021-09-02','Mauris sit amet eros.',20),(881,NULL,'2019-02-26','Cras non velit nec nisi vulputate nonummy.',28),(882,NULL,'2009-04-19','Proin interdum mauris non ligula pellentesque ultrices.',30),(883,NULL,'2020-01-14','Nullam porttitor lacus at turpis.',11),(884,NULL,'2003-08-17','Sed ante.',2),(885,NULL,'2012-08-19','Nullam orci pede, venenatis non, sodales sed, tincidunt eu, felis.',20),(886,NULL,'2017-03-01','Donec ut mauris eget massa tempor convallis.',22),(887,NULL,'2005-11-10','Nullam orci pede, venenatis non, sodales sed, tincidunt eu, felis.',25),(888,NULL,'2017-04-20','Nam tristique tortor eu pede.',11),(889,NULL,'2016-03-28','Vestibulum ante ipsum primis in faucibus orci luctus et ultrices posuere cubilia Curae; Duis faucibus accumsan odio.',14),(890,NULL,'2005-10-25','Maecenas tincidunt lacus at velit.',3),(891,NULL,'2021-04-22','Donec ut dolor.',20),(892,NULL,'2003-06-21','Pellentesque at nulla.',18),(893,NULL,'2015-05-01','Mauris lacinia sapien quis libero.',5),(894,NULL,'2003-01-18','Nunc rhoncus dui vel sem.',9),(895,NULL,'2016-11-21','Nam ultrices, libero non mattis pulvinar, nulla pede ullamcorper augue, a suscipit nulla elit ac nulla.',25),(896,NULL,'2022-10-06','Fusce congue, diam id ornare imperdiet, sapien urna pretium nisl, ut volutpat sapien arcu sed augue.',12),(897,NULL,'2002-02-26','Nulla tempus.',7),(898,NULL,'2006-11-05','Maecenas rhoncus aliquam lacus.',22),(899,NULL,'2013-10-20','Vestibulum ante ipsum primis in faucibus orci luctus et ultrices posuere cubilia Curae; Nulla dapibus dolor vel est.',8),(900,NULL,'2007-10-02','Nullam orci pede, venenatis non, sodales sed, tincidunt eu, felis.',29),(901,NULL,'2009-10-31','Suspendisse potenti.',30),(902,NULL,'2011-01-22','Nam dui.',26),(903,NULL,'2006-02-07','Duis mattis egestas metus.',15),(904,NULL,'2018-11-10','Nulla justo.',13),(905,NULL,'2019-11-22','Duis consequat dui nec nisi volutpat eleifend.',20),(906,NULL,'2013-04-30','In hac habitasse platea dictumst.',26),(907,NULL,'2010-04-20','Nam dui.',4),(908,NULL,'2014-11-22','Aliquam quis turpis eget elit sodales scelerisque.',4),(909,NULL,'2010-08-09','Praesent blandit.',13),(910,NULL,'2015-06-26','Etiam justo.',5),(911,NULL,'2011-08-28','Nullam varius.',21),(912,NULL,'2019-11-14','Mauris enim leo, rhoncus sed, vestibulum sit amet, cursus id, turpis.',3),(913,NULL,'2020-03-01','Donec ut dolor.',25),(914,NULL,'2008-01-12','Quisque porta volutpat erat.',11),(915,NULL,'2012-10-29','Ut tellus.',20),(916,NULL,'2020-03-28','Nullam molestie nibh in lectus.',12),(917,NULL,'2011-07-30','Etiam vel augue.',14),(918,NULL,'2009-06-06','Vestibulum ante ipsum primis in faucibus orci luctus et ultrices posuere cubilia Curae; Duis faucibus accumsan odio.',30),(919,NULL,'2017-05-04','Praesent blandit lacinia erat.',2),(920,NULL,'2008-09-15','Curabitur at ipsum ac tellus semper interdum.',10),(921,NULL,'2017-07-26','Quisque ut erat.',20),(922,NULL,'2018-02-07','Cras pellentesque volutpat dui.',1),(923,NULL,'2004-06-25','Morbi vel lectus in quam fringilla rhoncus.',19),(924,NULL,'2015-02-14','Quisque id justo sit amet sapien dignissim vestibulum.',10),(925,NULL,'2007-02-28','Nullam sit amet turpis elementum ligula vehicula consequat.',21),(926,NULL,'2001-10-07','Suspendisse potenti.',18),(927,NULL,'2017-09-09','In congue.',30),(928,NULL,'2015-04-13','Suspendisse accumsan tortor quis turpis.',2),(929,NULL,'2001-10-24','Ut tellus.',4),(930,NULL,'2004-01-09','Morbi odio odio, elementum eu, interdum eu, tincidunt in, leo.',25),(931,NULL,'2010-06-23','Nam ultrices, libero non mattis pulvinar, nulla pede ullamcorper augue, a suscipit nulla elit ac nulla.',19),(932,NULL,'2017-05-18','Curabitur convallis.',14),(933,NULL,'2015-07-07','Cras pellentesque volutpat dui.',6),(934,NULL,'2011-04-03','Integer tincidunt ante vel ipsum.',24),(935,NULL,'2003-07-11','In tempor, turpis nec euismod scelerisque, quam turpis adipiscing lorem, vitae mattis nibh ligula nec sem.',12),(936,NULL,'2002-07-15','Cras in purus eu magna vulputate luctus.',29),(937,NULL,'2001-11-16','Morbi non lectus.',27),(938,NULL,'2014-06-01','Cum sociis natoque penatibus et magnis dis parturient montes, nascetur ridiculus mus.',11),(939,NULL,'2022-01-30','Morbi sem mauris, laoreet ut, rhoncus aliquet, pulvinar sed, nisl.',28),(940,NULL,'2006-07-19','Curabitur in libero ut massa volutpat convallis.',3),(941,NULL,'2007-11-17','Nulla ac enim.',27),(942,NULL,'2016-04-14','Duis ac nibh.',16),(943,NULL,'2021-06-18','Phasellus sit amet erat.',26),(944,NULL,'2022-11-29','Morbi non lectus.',15),(945,NULL,'2006-07-10','Morbi ut odio.',20),(946,NULL,'2007-03-05','Vestibulum ante ipsum primis in faucibus orci luctus et ultrices posuere cubilia Curae; Donec pharetra, magna vestibulum aliquet ultrices, erat tortor sollicitudin mi, sit amet lobortis sapien sapien non mi.',4),(947,NULL,'2011-09-05','Morbi a ipsum.',7),(948,NULL,'2015-06-08','Fusce consequat.',16),(949,NULL,'2018-09-07','Suspendisse ornare consequat lectus.',21),(950,NULL,'2008-07-01','Pellentesque eget nunc.',28),(951,NULL,'2014-03-02','Aenean fermentum.',22),(952,NULL,'2012-10-07','Nullam varius.',24),(953,NULL,'2008-10-30','Ut at dolor quis odio consequat varius.',30),(954,NULL,'2019-02-06','Aliquam non mauris.',18),(955,NULL,'2007-04-26','Duis ac nibh.',21),(956,NULL,'2009-02-18','In blandit ultrices enim.',1),(957,NULL,'2009-01-03','Lorem ipsum dolor sit amet, consectetuer adipiscing elit.',29),(958,NULL,'2021-10-05','Pellentesque at nulla.',29),(959,NULL,'2020-03-11','Proin interdum mauris non ligula pellentesque ultrices.',1),(960,NULL,'2007-03-12','In hac habitasse platea dictumst.',15),(961,NULL,'2006-04-08','Quisque arcu libero, rutrum ac, lobortis vel, dapibus at, diam.',6),(962,NULL,'2001-06-10','Mauris ullamcorper purus sit amet nulla.',8),(963,NULL,'2004-10-06','Duis aliquam convallis nunc.',28),(964,NULL,'2021-01-12','Sed vel enim sit amet nunc viverra dapibus.',24),(965,NULL,'2016-09-23','Nulla nisl.',6),(966,NULL,'2012-01-02','Proin interdum mauris non ligula pellentesque ultrices.',28),(967,NULL,'2017-02-16','Sed accumsan felis.',14),(968,NULL,'2018-04-21','Cras in purus eu magna vulputate luctus.',26),(969,NULL,'2010-08-05','Nullam varius.',17),(970,NULL,'2010-11-21','Donec posuere metus vitae ipsum.',29),(971,NULL,'2008-02-17','Aenean sit amet justo.',15),(972,NULL,'2003-03-30','Phasellus id sapien in sapien iaculis congue.',17),(973,NULL,'2021-05-16','Integer ac neque.',5),(974,NULL,'2005-10-08','Donec vitae nisi.',24),(975,NULL,'2006-10-19','Etiam pretium iaculis justo.',13),(976,'En pause','2022-02-18','Integer a nibh.',2),(977,NULL,'2013-06-15','Nam congue, risus semper porta volutpat, quam pede lobortis ligula, sit amet eleifend pede libero quis orci.',3),(978,NULL,'2015-05-19','Nulla suscipit ligula in lacus.',23),(979,NULL,'2013-02-19','In quis justo.',7),(980,NULL,'2006-02-10','Nunc nisl.',28),(981,NULL,'2016-02-17','Nulla mollis molestie lorem.',1),(982,NULL,'2009-05-30','In quis justo.',9),(983,NULL,'2012-05-30','Nam dui.',5),(984,NULL,'2007-05-03','Vestibulum ante ipsum primis in faucibus orci luctus et ultrices posuere cubilia Curae; Nulla dapibus dolor vel est.',19),(985,NULL,'2014-07-15','Aenean lectus.',1),(986,NULL,'2002-09-29','Praesent blandit.',23),(987,NULL,'2015-02-22','Maecenas leo odio, condimentum id, luctus nec, molestie sed, justo.',28),(988,NULL,'2010-01-03','Fusce posuere felis sed lacus.',13),(989,NULL,'2006-10-07','Nam nulla.',25),(990,NULL,'2012-10-13','Fusce congue, diam id ornare imperdiet, sapien urna pretium nisl, ut volutpat sapien arcu sed augue.',15),(991,NULL,'2018-01-21','Aenean auctor gravida sem.',16),(992,NULL,'2001-04-06','Maecenas pulvinar lobortis est.',10),(993,NULL,'2002-08-15','Nulla neque libero, convallis eget, eleifend luctus, ultricies eu, nibh.',15),(994,NULL,'2011-05-05','Sed sagittis.',7),(995,NULL,'2018-04-03','Nulla nisl.',9),(996,NULL,'2021-02-15','Morbi a ipsum.',29),(997,NULL,'2008-06-20','Nulla justo.',25),(998,NULL,'2016-11-21','Cras pellentesque volutpat dui.',3),(999,NULL,'2006-07-04','Etiam justo.',3),(1000,NULL,'2004-03-05','Praesent lectus.',25),(1001,NULL,NULL,NULL,1),(1002,NULL,NULL,NULL,1),(1003,NULL,NULL,NULL,1),(1004,NULL,NULL,NULL,1),(1005,NULL,NULL,NULL,1),(1006,NULL,NULL,NULL,1),(1007,NULL,NULL,NULL,1),(1008,NULL,NULL,NULL,1),(1009,NULL,NULL,NULL,1),(1010,NULL,NULL,NULL,1),(1011,NULL,NULL,NULL,1),(1012,NULL,NULL,NULL,1),(1013,NULL,NULL,NULL,1),(1014,NULL,NULL,NULL,1),(1015,NULL,NULL,NULL,1),(1016,NULL,NULL,NULL,1),(1017,NULL,NULL,NULL,1),(1018,NULL,NULL,NULL,1),(1019,NULL,NULL,NULL,1),(1020,NULL,NULL,NULL,1),(1021,NULL,NULL,NULL,1),(1022,NULL,NULL,NULL,1),(1023,NULL,NULL,NULL,1),(1024,NULL,NULL,NULL,1),(1025,'Terminer','2023-01-30','Description test',1),(1026,NULL,'2023-01-30','test 2',1),(1027,NULL,'2023-01-30','Test 3',1),(1028,NULL,'2023-01-30','Test4(double1/2)',1),(1029,NULL,'2023-01-30','Test(double1/2)',1),(1030,NULL,'2023-01-30','Test(double2/2)',1),(1031,NULL,'2023-01-30','Description',1),(1032,NULL,'2023-02-03','Description',1),(1033,NULL,'2023-02-03','Description',1);
/*!40000 ALTER TABLE `commande` ENABLE KEYS */;
UNLOCK TABLES;

--
-- Table structure for table `fournisseurs`
--

DROP TABLE IF EXISTS `fournisseurs`;
/*!40101 SET @saved_cs_client     = @@character_set_client */;
/*!50503 SET character_set_client = utf8mb4 */;
CREATE TABLE `fournisseurs` (
  `idFournisseur` int(11) NOT NULL,
  `nom` varchar(100) DEFAULT NULL,
  `email` varchar(100) DEFAULT NULL,
  `adresse` varchar(100) DEFAULT NULL,
  PRIMARY KEY (`idFournisseur`)
) ENGINE=InnoDB DEFAULT CHARSET=latin1;
/*!40101 SET character_set_client = @saved_cs_client */;

--
-- Dumping data for table `fournisseurs`
--

LOCK TABLES `fournisseurs` WRITE;
/*!40000 ALTER TABLE `fournisseurs` DISABLE KEYS */;
INSERT INTO `fournisseurs` VALUES (1,'Kwinu','ajoiris0@ehow.com','3 Hooker Terrace'),(2,'Babblestorm','lflorez1@icq.com','21183 Union Avenue'),(3,'Bluejam','cfratson2@artisteer.com','84 Green Road'),(4,'Yodel','vpesticcio3@pcworld.com','17705 Mitchell Hill'),(5,'Gabcube','tgowers4@ucla.edu','783 Basil Plaza'),(6,'Lazz','dbramham5@rakuten.co.jp','18 Sachtjen Park'),(7,'Twimm','ttrodd6@arstechnica.com','52 Anderson Pass'),(8,'Camido','lfrayling7@google.ru','86 1st Crossing'),(9,'Topdrive','nroby8@wikipedia.org','72092 East Parkway'),(10,'Wordware','qnorvel9@ibm.com','30223 Onsgard Terrace'),(11,'Mybuzz','abillsberrya@altervista.org','833 Shopko Way'),(12,'Rhyloo','csweetlandb@bluehost.com','4586 Superior Circle'),(13,'Zoomdog','cbloschkec@nhs.uk','606 Morrow Center'),(14,'Browsedrive','nhalld@techcrunch.com','06780 Blue Bill Park Park'),(15,'Voonyx','lpennie@flavors.me','9 Londonderry Drive'),(16,'Wikizz','akeenef@sphinn.com','55887 Green Ridge Way'),(17,'Katz','jbratcherg@desdev.cn','57 Sunfield Pass'),(18,'Quamba','othaxterh@ibm.com','98220 Maple Place'),(19,'Rhynyx','mcavei@squidoo.com','9849 Mcguire Place'),(20,'Zoozzy','nbrownsworthj@twitter.com','3 5th Avenue'),(21,'Layo','bchinneryk@yelp.com','4 Meadow Valley Avenue'),(22,'Skilith','dmcgloughlinl@wp.com','406 Lillian Place'),(23,'Eire','achidlerm@pbs.org','471 Springview Court'),(24,'Blogspan','hwisdenn@dailymotion.com','116 Beilfuss Drive'),(25,'Kwimbee','sorbineo@mail.ru','6352 Cordelia Junction'),(26,'Trilia','hferneyp@illinois.edu','2373 Starling Point'),(27,'Browseblab','cmorleyq@google.nl','439 Lawn Avenue'),(28,'Fivechat','esearsbyr@wired.com','92110 Sommers Trail'),(29,'Rhynyx','akarlowiczs@salon.com','59292 Dennis Junction'),(30,'Livepath','ahuggont@springer.com','4 Quincy Terrace');
/*!40000 ALTER TABLE `fournisseurs` ENABLE KEYS */;
UNLOCK TABLES;

--
-- Table structure for table `laboratoire`
--

DROP TABLE IF EXISTS `laboratoire`;
/*!40101 SET @saved_cs_client     = @@character_set_client */;
/*!50503 SET character_set_client = utf8mb4 */;
CREATE TABLE `laboratoire` (
  `idLabo` int(11) NOT NULL,
  `ville` varchar(100) DEFAULT NULL,
  `idStock` int(11) DEFAULT NULL,
  `numTelephone` bigint(20) DEFAULT NULL,
  `nom` varchar(100) DEFAULT NULL,
  `adresse` varchar(100) DEFAULT NULL,
  `email` varchar(100) DEFAULT NULL,
  PRIMARY KEY (`idLabo`),
  KEY `idStock` (`idStock`),
  CONSTRAINT `laboratoire_ibfk_1` FOREIGN KEY (`idStock`) REFERENCES `stock` (`idStock`)
) ENGINE=InnoDB DEFAULT CHARSET=latin1;
/*!40101 SET character_set_client = @saved_cs_client */;

--
-- Dumping data for table `laboratoire`
--

LOCK TABLES `laboratoire` WRITE;
/*!40000 ALTER TABLE `laboratoire` DISABLE KEYS */;
INSERT INTO `laboratoire` VALUES (1,'Cilegong',9,6801746749,'Winwood','7668 Pepper Wood Plaza','bwinwood0@hubpages.com'),(2,'Baranoa',17,7537688591,'Signori','537 Mayer Pass','bsignori1@geocities.com'),(3,'Luna',8,4793811199,'Bankes','8 Grasskamp Hill','sbankes2@behance.net'),(4,'Cibeureum',23,8106561109,'Brackenbury','75868 Loftsgordon Street','dbrackenbury3@google.co.uk'),(5,'Cincinnati',25,8351316037,'Emerine','97 Fordem Crossing','demerine4@msn.com'),(6,'Saga-shi',30,2032471309,'Chadburn','087 Oriole Terrace','nchadburn5@51.la'),(7,'Meitang',30,1312084433,'Langeley','82 Larry Avenue','nchadburn5@51.la'),(8,'Anyuan',3,2507473867,'Fewtrell','615 Welch Terrace','efewtrell7@ox.ac.uk'),(9,'Liaoyang',29,1663444860,'Lodemann','655 Buell Alley','flodemann8@reddit.com'),(10,'Laleng',25,5459399198,'Desbrow','803 Warbler Road','cdesbrow9@altervista.org'),(11,'Chornyanka',17,8991947946,'Olyff','87393 Chinook Place','kolyffa@eventbrite.com'),(12,'Pushkin',8,8426949932,'Wederell','051 Hoepker Park','kwederellb@slate.com'),(13,'Tehetu',25,2242709407,'Rylands','8921 Arkansas Way','mrylandsc@hostgator.com'),(14,'Meicheng',22,5736115042,'Zettler','120 Lyons Center','czettlerd@bbb.org'),(15,'Mamali',11,2451875392,'Gurdon','2417 School Park','agurdone@trellian.com'),(16,'Sancha',15,4238703707,'Dukes','063 Riverside Terrace','ldukesf@sun.com'),(17,'Sumqay?t',6,9938515866,'Daine','55013 Glacier Hill Trail','bdaineg@vkontakte.ru'),(18,'Shahb?',9,7176842511,'Kieran','831 Almo Pass','akieranh@bravesites.com'),(19,'Unio',13,4866496305,'Tenant','5 Summer Ridge Crossing','ctenanti@shareasale.com'),(20,'Tsuma',26,8655013587,'Brandt','55 Walton Point','kbrandtj@1und1.de'),(21,'Pyhselk',12,2053318227,'Malpas','8137 Chive Place','hmalpask@pcworld.com'),(22,'Shemona?kha',19,6663256255,'Blackshaw','21153 Butterfield Circle','oblackshawl@networksolutions.com'),(23,'Zgornje Gorje',13,8696901076,'Brideaux','1829 Barby Drive','abrideauxm@abc.net.au'),(24,'Bordeaux',10,5122770790,'Kaindl','94012 Upham Parkway','skaindln@surveymonkey.com'),(25,'Marosi',17,2451228154,'Creggan','8156 Arrowood Point','vcreggano@tumblr.com'),(26,'Malko T?rnovo',27,2451356154,'Lerer','86 Roxbury Hill','elererp@columbia.edu'),(27,'Queniquea',11,4431228154,'Canape','74814 Summit Crossing','rcanapeq@bloomberg.com'),(28,'Xinji',29,8451225654,'Bigglestone','97 Anderson Lane','kbigglestoner@stumbleupon.com'),(29,'Guachet',14,5765455675,'Rantoul','459 Anhalt Way','srantouls@friendfeed.com'),(30,'Tsushima',12,2345678965,'Caiger','4143 Hagan Pass','hcaigert@mashable.com');
/*!40000 ALTER TABLE `laboratoire` ENABLE KEYS */;
UNLOCK TABLES;

--
-- Table structure for table `lignecommande`
--

DROP TABLE IF EXISTS `lignecommande`;
/*!40101 SET @saved_cs_client     = @@character_set_client */;
/*!50503 SET character_set_client = utf8mb4 */;
CREATE TABLE `lignecommande` (
  `idCommande` int(11) NOT NULL,
  `matriculeProd` varchar(100) NOT NULL,
  `quantiteProd` int(100) DEFAULT NULL,
  PRIMARY KEY (`idCommande`,`matriculeProd`),
  KEY `matriculeProd` (`matriculeProd`),
  CONSTRAINT `lignecommande_ibfk_1` FOREIGN KEY (`idCommande`) REFERENCES `commande` (`idCommande`),
  CONSTRAINT `lignecommande_ibfk_2` FOREIGN KEY (`matriculeProd`) REFERENCES `produit` (`matricule`)
) ENGINE=InnoDB DEFAULT CHARSET=latin1;
/*!40101 SET character_set_client = @saved_cs_client */;

--
-- Dumping data for table `lignecommande`
--

LOCK TABLES `lignecommande` WRITE;
/*!40000 ALTER TABLE `lignecommande` DISABLE KEYS */;
INSERT INTO `lignecommande` VALUES (6,'PR19',84),(7,'PR17',130),(8,'PR10',232),(8,'PR20',165),(9,'PR18',204),(9,'PR20',187),(10,'PR28',200),(11,'PR10',320),(11,'PR20',238),(12,'PR20',282),(13,'PR10',304),(14,'PR16',368),(15,'PR10',372),(18,'PR10',87),(18,'PR20',34),(19,'PR19',82),(19,'PR20',90),(20,'PR20',193),(21,'PR10',169),(21,'PR20',236),(21,'PR29',110),(24,'PR29',41),(26,'PR20',376),(27,'PR20',353),(29,'PR10',59),(30,'PR17',138),(31,'PR19',356),(32,'PR10',42),(33,'PR19',245),(34,'PR19',262),(34,'PR27',348),(36,'PR28',370),(40,'PR19',97),(41,'PR10',151),(41,'PR19',114),(41,'PR20',346),(45,'PR18',42),(45,'PR19',151),(50,'PR20',250),(51,'PR19',22),(51,'PR20',57),(51,'PR28',147),(52,'PR20',387),(53,'PR20',192),(54,'PR10',377),(54,'PR28',343),(56,'PR18',279),(56,'PR19',209),(56,'PR20',159),(56,'PR29',154),(58,'PR20',273),(59,'PR20',223),(60,'PR29',277),(62,'PR10',133),(62,'PR19',105),(63,'PR10',375),(63,'PR17',277),(63,'PR19',270),(64,'PR20',97),(66,'PR20',291),(70,'PR19',366),(71,'PR27',318),(72,'PR19',287),(75,'PR20',172),(76,'PR10',325),(78,'PR19',146),(79,'PR10',394),(81,'PR20',59),(82,'PR18',56),(82,'PR29',66),(83,'PR19',152),(84,'PR20',247),(85,'PR20',253),(90,'PR19',222),(91,'PR29',227),(92,'PR18',185),(94,'PR10',264),(94,'PR19',29),(96,'PR29',58),(98,'PR20',335),(99,'PR10',177),(100,'PR19',53),(101,'PR20',317),(102,'PR10',234),(103,'PR15',369),(104,'PR20',60),(106,'PR20',178),(107,'PR29',307),(110,'PR20',250),(111,'PR29',146),(112,'PR18',158),(112,'PR19',160),(114,'PR10',392),(114,'PR20',400),(115,'PR19',189),(115,'PR28',340),(116,'PR18',126),(116,'PR25',385),(117,'PR16',297),(117,'PR28',213),(118,'PR28',209),(118,'PR29',35),(120,'PR29',22),(122,'PR20',35),(123,'PR10',97),(123,'PR20',252),(124,'PR18',134),(124,'PR20',81),(125,'PR19',63),(127,'PR10',12),(128,'PR19',34),(129,'PR29',323),(132,'PR28',108),(133,'PR20',397),(133,'PR29',350),(134,'PR10',384),(134,'PR18',131),(134,'PR29',240),(135,'PR10',294),(135,'PR18',306),(135,'PR20',225),(141,'PR10',259),(142,'PR29',286),(144,'PR10',9),(145,'PR29',3),(146,'PR20',217),(146,'PR28',390),(146,'PR29',195),(147,'PR19',335),(147,'PR20',258),(150,'PR20',147),(151,'PR28',360),(152,'PR18',10),(152,'PR20',224),(154,'PR20',95),(156,'PR19',4),(158,'PR20',313),(159,'PR20',298),(160,'PR20',44),(160,'PR28',197),(163,'PR29',287),(164,'PR19',271),(165,'PR20',49),(166,'PR10',171),(169,'PR19',85),(174,'PR10',52),(174,'PR19',55),(175,'PR10',11),(175,'PR18',138),(175,'PR20',256),(176,'PR10',50),(176,'PR19',73),(178,'PR18',202),(178,'PR20',104),(178,'PR29',243),(179,'PR19',333),(180,'PR10',223),(181,'PR20',155),(183,'PR20',26),(184,'PR29',9),(186,'PR20',324),(189,'PR18',94),(190,'PR20',281),(190,'PR29',114),(191,'PR10',185),(191,'PR29',322),(194,'PR17',36),(194,'PR27',377),(198,'PR20',124),(200,'PR17',276),(201,'PR10',217),(201,'PR18',263),(202,'PR17',374),(202,'PR19',397),(202,'PR25',103),(204,'PR18',225),(204,'PR20',39),(204,'PR29',151),(206,'PR10',112),(206,'PR28',377),(208,'PR10',372),(209,'PR10',124),(210,'PR20',1),(211,'PR19',392),(214,'PR20',150),(214,'PR27',130),(215,'PR10',238),(220,'PR17',108),(221,'PR20',324),(222,'PR18',253),(223,'PR20',221),(224,'PR20',36),(224,'PR29',149),(225,'PR10',96),(226,'PR17',49),(226,'PR18',69),(226,'PR28',233),(227,'PR29',154),(229,'PR10',125),(230,'PR10',117),(231,'PR10',290),(233,'PR19',116),(233,'PR20',188),(234,'PR18',59),(236,'PR10',98),(239,'PR19',73),(241,'PR20',145),(242,'PR10',310),(242,'PR20',123),(242,'PR29',228),(243,'PR10',226),(244,'PR16',102),(244,'PR28',16),(244,'PR29',98),(246,'PR19',110),(246,'PR20',58),(246,'PR29',340),(247,'PR10',118),(248,'PR29',336),(249,'PR20',395),(249,'PR29',285),(250,'PR10',79),(250,'PR28',321),(252,'PR20',323),(253,'PR10',320),(254,'PR19',389),(254,'PR29',196),(257,'PR27',169),(259,'PR19',305),(259,'PR29',122),(260,'PR20',151),(261,'PR10',212),(261,'PR18',98),(262,'PR19',38),(263,'PR19',96),(263,'PR20',130),(264,'PR20',249),(264,'PR28',266),(265,'PR20',119),(266,'PR15',321),(266,'PR29',373),(267,'PR10',302),(267,'PR29',62),(270,'PR20',338),(272,'PR20',17),(272,'PR29',303),(273,'PR10',269),(274,'PR19',87),(276,'PR10',116),(276,'PR20',7),(277,'PR10',264),(277,'PR19',55),(278,'PR20',290),(279,'PR18',41),(279,'PR20',395),(280,'PR18',175),(282,'PR10',194),(283,'PR10',18),(283,'PR20',199),(284,'PR19',257),(285,'PR10',347),(287,'PR20',395),(288,'PR10',248),(292,'PR18',400),(296,'PR27',248),(298,'PR18',162),(300,'PR29',375),(301,'PR28',380),(304,'PR10',296),(304,'PR19',287),(307,'PR20',7),(312,'PR19',202),(312,'PR20',168),(313,'PR10',236),(314,'PR18',285),(314,'PR19',313),(314,'PR29',397),(317,'PR10',34),(317,'PR19',204),(318,'PR10',83),(318,'PR20',317),(319,'PR19',248),(319,'PR20',39),(320,'PR20',145),(321,'PR19',324),(322,'PR28',188),(323,'PR29',184),(325,'PR10',277),(325,'PR20',281),(326,'PR17',327),(327,'PR19',252),(327,'PR29',121),(329,'PR20',109),(331,'PR28',123),(332,'PR10',276),(333,'PR10',144),(333,'PR19',21),(333,'PR25',211),(334,'PR29',161),(335,'PR19',366),(335,'PR20',114),(338,'PR10',151),(339,'PR25',226),(340,'PR20',278),(341,'PR10',62),(341,'PR17',356),(341,'PR19',6),(342,'PR10',223),(345,'PR19',246),(345,'PR20',273),(345,'PR28',76),(346,'PR20',142),(347,'PR20',105),(347,'PR29',359),(348,'PR20',289),(351,'PR16',365),(352,'PR10',78),(352,'PR27',186),(353,'PR19',7),(354,'PR10',153),(354,'PR20',225),(357,'PR19',212),(361,'PR20',304),(362,'PR29',220),(363,'PR10',380),(364,'PR10',296),(364,'PR29',123),(367,'PR20',308),(367,'PR27',363),(368,'PR20',219),(370,'PR20',151),(371,'PR10',339),(372,'PR29',214),(373,'PR19',51),(374,'PR17',341),(374,'PR18',50),(375,'PR10',352),(376,'PR10',260),(376,'PR29',290),(378,'PR10',345),(378,'PR20',156),(379,'PR20',213),(381,'PR20',3),(381,'PR29',322),(382,'PR10',38),(382,'PR29',217),(383,'PR27',223),(385,'PR10',69),(385,'PR19',12),(386,'PR10',170),(386,'PR28',375),(387,'PR20',86),(391,'PR19',296),(391,'PR20',80),(392,'PR17',336),(393,'PR15',361),(395,'PR10',160),(395,'PR29',174),(396,'PR19',97),(396,'PR20',207),(396,'PR29',86),(398,'PR25',71),(398,'PR29',109),(399,'PR18',344),(399,'PR20',76),(400,'PR19',171),(403,'PR10',116),(403,'PR29',335),(404,'PR20',350),(405,'PR10',6),(408,'PR19',215),(412,'PR28',156),(414,'PR10',149),(415,'PR19',73),(415,'PR28',90),(417,'PR10',272),(418,'PR17',68),(418,'PR29',321),(419,'PR18',295),(419,'PR20',35),(419,'PR28',269),(420,'PR18',47),(421,'PR19',156),(423,'PR19',383),(425,'PR10',258),(426,'PR19',251),(426,'PR29',75),(427,'PR20',327),(428,'PR19',186),(429,'PR20',198),(430,'PR20',319),(430,'PR28',154),(431,'PR10',342),(431,'PR29',181),(432,'PR19',88),(433,'PR19',274),(435,'PR10',344),(435,'PR20',107),(437,'PR10',305),(437,'PR20',154),(438,'PR19',95),(439,'PR29',258),(442,'PR18',259),(445,'PR10',328),(446,'PR18',229),(446,'PR19',92),(447,'PR18',326),(447,'PR20',344),(447,'PR29',96),(450,'PR20',58),(451,'PR20',319),(451,'PR29',156),(453,'PR29',82),(457,'PR10',170),(457,'PR19',333),(457,'PR27',163),(459,'PR19',196),(460,'PR10',336),(460,'PR20',258),(461,'PR19',29),(462,'PR10',83),(463,'PR10',111),(463,'PR20',152),(464,'PR19',128),(465,'PR29',309),(466,'PR20',146),(469,'PR10',110),(472,'PR10',354),(474,'PR10',257),(474,'PR29',77),(475,'PR10',325),(475,'PR14',354),(476,'PR20',27),(480,'PR18',150),(481,'PR20',215),(482,'PR20',108),(485,'PR26',72),(486,'PR10',169),(486,'PR19',217),(487,'PR10',328),(487,'PR28',35),(488,'PR18',38),(490,'PR10',214),(492,'PR17',245),(492,'PR20',161),(493,'PR20',187),(495,'PR20',353),(497,'PR18',344),(499,'PR10',205),(502,'PR10',109),(505,'PR10',22),(505,'PR20',329),(506,'PR20',274),(510,'PR20',315),(512,'PR27',80),(513,'PR19',225),(515,'PR27',394),(516,'PR20',311),(519,'PR20',335),(522,'PR20',134),(522,'PR29',242),(523,'PR10',399),(523,'PR29',112),(524,'PR10',144),(525,'PR10',211),(527,'PR10',303),(528,'PR19',359),(528,'PR20',207),(528,'PR29',188),(529,'PR10',395),(529,'PR29',322),(530,'PR10',4),(532,'PR10',126),(532,'PR20',341),(535,'PR19',138),(535,'PR20',197),(536,'PR20',50),(537,'PR20',373),(538,'PR20',268),(539,'PR10',51),(539,'PR20',286),(539,'PR28',259),(541,'PR10',41),(541,'PR19',336),(542,'PR10',224),(544,'PR19',316),(544,'PR20',363),(545,'PR10',35),(545,'PR20',138),(545,'PR27',157),(546,'PR19',288),(547,'PR20',278),(548,'PR10',317),(549,'PR19',245),(550,'PR28',126),(554,'PR10',376),(556,'PR10',176),(557,'PR19',11),(558,'PR10',385),(563,'PR20',346),(565,'PR10',227),(567,'PR25',63),(567,'PR29',168),(568,'PR10',49),(569,'PR18',325),(570,'PR10',108),(571,'PR29',157),(575,'PR19',58),(577,'PR20',41),(577,'PR26',359),(577,'PR27',212),(578,'PR20',329),(578,'PR25',99),(580,'PR10',366),(580,'PR17',206),(582,'PR10',305),(583,'PR10',357),(583,'PR20',396),(583,'PR29',184),(584,'PR29',141),(585,'PR28',206),(586,'PR10',345),(586,'PR29',204),(588,'PR18',121),(588,'PR27',201),(589,'PR10',315),(591,'PR19',89),(593,'PR18',55),(593,'PR20',336),(596,'PR19',47),(597,'PR20',334),(598,'PR20',105),(600,'PR27',85),(600,'PR29',141),(601,'PR26',246),(602,'PR20',98),(603,'PR10',272),(603,'PR20',22),(605,'PR20',356),(606,'PR18',399),(607,'PR20',283),(608,'PR10',180),(608,'PR20',22),(609,'PR10',121),(610,'PR10',356),(610,'PR28',306),(612,'PR10',229),(615,'PR10',98),(616,'PR18',213),(617,'PR27',243),(618,'PR27',187),(619,'PR28',352),(621,'PR10',116),(622,'PR18',10),(622,'PR20',151),(622,'PR21',7),(623,'PR29',390),(625,'PR19',331),(625,'PR20',136),(625,'PR29',230),(626,'PR10',152),(627,'PR19',215),(627,'PR29',20),(628,'PR10',93),(630,'PR20',121),(631,'PR29',287),(632,'PR18',372),(634,'PR10',146),(634,'PR19',185),(635,'PR19',136),(638,'PR19',188),(639,'PR20',187),(640,'PR20',129),(640,'PR27',352),(648,'PR20',9),(649,'PR29',1),(650,'PR20',19),(652,'PR10',152),(652,'PR16',63),(652,'PR20',339),(653,'PR10',204),(654,'PR26',196),(657,'PR18',279),(660,'PR10',93),(661,'PR18',180),(661,'PR28',400),(663,'PR10',116),(663,'PR15',386),(663,'PR19',276),(664,'PR19',156),(666,'PR17',125),(667,'PR27',62),(668,'PR19',40),(668,'PR20',17),(671,'PR10',335),(671,'PR28',179),(671,'PR29',16),(672,'PR10',22),(675,'PR10',374),(675,'PR19',273),(675,'PR20',84),(677,'PR19',289),(678,'PR10',336),(678,'PR19',187),(678,'PR20',238),(681,'PR19',395),(682,'PR10',319),(683,'PR20',65),(687,'PR10',103),(689,'PR10',223),(690,'PR29',64),(693,'PR28',384),(693,'PR29',66),(694,'PR28',392),(696,'PR19',399),(697,'PR10',110),(697,'PR19',123),(697,'PR28',153),(698,'PR10',50),(701,'PR10',58),(701,'PR20',232),(702,'PR20',274),(703,'PR29',329),(707,'PR10',156),(707,'PR18',327),(708,'PR10',262),(708,'PR19',357),(710,'PR29',67),(711,'PR19',146),(712,'PR20',147),(713,'PR20',343),(714,'PR10',2),(717,'PR10',399),(717,'PR18',58),(718,'PR29',302),(721,'PR19',298),(721,'PR20',139),(723,'PR16',143),(724,'PR20',278),(724,'PR21',94),(727,'PR18',150),(727,'PR20',42),(728,'PR10',242),(728,'PR29',233),(729,'PR19',314),(730,'PR20',8),(731,'PR18',180),(731,'PR20',376),(731,'PR29',340),(732,'PR10',280),(732,'PR20',233),(734,'PR10',34),(737,'PR10',204),(737,'PR18',181),(738,'PR10',375),(738,'PR29',85),(739,'PR17',42),(740,'PR28',382),(742,'PR29',93),(743,'PR10',295),(746,'PR10',228),(747,'PR17',71),(747,'PR20',363),(749,'PR29',335),(750,'PR28',240),(750,'PR29',300),(751,'PR20',248),(753,'PR10',242),(753,'PR20',178),(753,'PR26',342),(757,'PR10',160),(757,'PR19',199),(759,'PR17',258),(759,'PR20',83),(760,'PR10',35),(760,'PR20',65),(760,'PR27',367),(760,'PR29',311),(763,'PR20',285),(766,'PR20',189),(767,'PR20',81),(767,'PR28',18),(770,'PR10',2),(770,'PR19',194),(771,'PR27',159),(773,'PR10',185),(773,'PR19',287),(775,'PR10',364),(776,'PR19',132),(777,'PR18',306),(778,'PR28',222),(780,'PR10',390),(780,'PR20',39),(782,'PR10',83),(783,'PR20',131),(784,'PR20',177),(784,'PR28',156),(787,'PR19',175),(788,'PR26',387),(788,'PR29',386),(789,'PR10',37),(789,'PR19',37),(789,'PR20',282),(791,'PR10',320),(791,'PR16',205),(792,'PR10',283),(792,'PR20',272),(793,'PR10',117),(793,'PR20',66),(794,'PR10',351),(794,'PR19',264),(796,'PR20',128),(796,'PR29',289),(797,'PR20',279),(798,'PR18',269),(798,'PR20',33),(802,'PR10',292),(804,'PR18',1),(804,'PR29',87),(807,'PR19',189),(807,'PR20',126),(808,'PR20',367),(809,'PR20',176),(809,'PR29',378),(810,'PR20',250),(812,'PR20',360),(815,'PR26',92),(815,'PR29',388),(816,'PR20',395),(816,'PR29',372),(817,'PR19',310),(818,'PR17',287),(819,'PR28',47),(820,'PR20',358),(822,'PR10',275),(822,'PR20',86),(822,'PR29',58),(823,'PR18',197),(824,'PR10',48),(825,'PR10',140),(826,'PR20',248),(826,'PR28',385),(827,'PR28',34),(828,'PR10',194),(828,'PR20',191),(830,'PR29',234),(831,'PR28',377),(832,'PR10',269),(834,'PR10',390),(834,'PR20',10),(834,'PR29',375),(835,'PR20',117),(836,'PR10',46),(836,'PR20',178),(837,'PR29',193),(839,'PR29',195),(840,'PR10',49),(840,'PR18',213),(841,'PR10',262),(841,'PR20',55),(841,'PR29',122),(842,'PR20',221),(843,'PR10',264),(846,'PR28',312),(847,'PR20',9),(850,'PR29',205),(851,'PR20',309),(854,'PR10',374),(854,'PR20',271),(855,'PR10',140),(856,'PR17',343),(856,'PR20',383),(857,'PR29',395),(858,'PR28',134),(860,'PR28',359),(860,'PR29',368),(861,'PR20',379),(863,'PR10',291),(865,'PR28',142),(867,'PR10',214),(868,'PR20',98),(871,'PR20',9),(871,'PR25',10),(872,'PR20',98),(872,'PR28',187),(873,'PR28',136),(878,'PR17',218),(878,'PR29',81),(879,'PR29',163),(881,'PR18',363),(882,'PR29',388),(883,'PR29',195),(884,'PR10',114),(884,'PR19',217),(885,'PR29',264),(889,'PR26',323),(895,'PR28',275),(897,'PR20',84),(899,'PR29',86),(900,'PR10',289),(901,'PR20',247),(902,'PR18',240),(905,'PR10',109),(907,'PR19',28),(907,'PR20',156),(909,'PR10',10),(909,'PR19',348),(909,'PR20',49),(910,'PR14',68),(913,'PR10',71),(913,'PR20',74),(914,'PR19',334),(914,'PR28',126),(914,'PR29',118),(915,'PR10',359),(916,'PR25',35),(916,'PR27',175),(921,'PR10',163),(921,'PR16',315),(922,'PR10',44),(923,'PR20',169),(923,'PR28',199),(925,'PR15',289),(926,'PR18',213),(927,'PR19',164),(927,'PR20',334),(929,'PR20',5),(929,'PR28',196),(930,'PR17',44),(932,'PR10',387),(934,'PR27',381),(936,'PR20',306),(938,'PR10',374),(941,'PR10',95),(941,'PR19',269),(941,'PR20',293),(941,'PR27',350),(941,'PR28',61),(941,'PR29',238),(943,'PR18',373),(943,'PR20',132),(945,'PR10',295),(946,'PR10',204),(947,'PR18',165),(947,'PR19',396),(948,'PR19',80),(948,'PR26',117),(948,'PR28',153),(949,'PR10',277),(949,'PR19',217),(950,'PR18',343),(954,'PR17',126),(954,'PR20',348),(956,'PR10',350),(957,'PR20',149),(958,'PR10',61),(958,'PR20',381),(961,'PR10',17),(962,'PR26',59),(966,'PR10',22),(969,'PR28',169),(976,'PR10',388),(976,'PR29',111),(977,'PR20',12),(979,'PR10',58),(981,'PR10',123),(981,'PR20',87),(982,'PR19',117),(983,'PR10',268),(986,'PR20',225),(987,'PR10',90),(987,'PR17',169),(988,'PR20',112),(989,'PR10',217),(989,'PR16',49),(991,'PR19',376),(992,'PR27',396),(993,'PR28',245),(996,'PR18',132),(996,'PR20',102),(996,'PR29',9),(997,'PR17',228),(999,'PR20',317),(1000,'PR19',161),(1006,'PR1',12),(1006,'PR12',122),(1007,'PR1',233),(1007,'PR14',13223),(1007,'PR15',13223),(1007,'PR16',13223),(1009,'PR1',234),(1009,'PR12',123),(1009,'PR14',123),(1009,'PR15',123),(1010,'PR1',1323),(1010,'PR12',13223),(1010,'PR16',13223),(1010,'PR4',13223),(1010,'PR8',13223),(1011,'PR12',12),(1011,'PR14',122),(1012,'PR27',12),(1013,'PR22',112),(1014,'PR1',763),(1014,'PR12',763),(1014,'PR13',763),(1014,'PR15',763),(1015,'PR1',566),(1015,'PR14',566),(1015,'PR17',566),(1016,'PR1',456789),(1016,'PR13',456789),(1016,'PR17',456789),(1017,'PR1',123),(1017,'PR11',123),(1017,'PR14',123),(1017,'PR16',123),(1017,'PR2',123),(1018,'PR1',1212),(1018,'PR11',1212),(1018,'PR16',1212),(1019,'PR1',1234),(1019,'PR11',1234),(1019,'PR15',1234),(1019,'PR16',1234),(1020,'PR1',233),(1020,'PR13',233),(1020,'PR16',233),(1020,'PR21',233),(1021,'PR1',1332),(1021,'PR10',1332),(1021,'PR13',1332),(1022,'PR1',67890),(1022,'PR14',8765),(1022,'PR15',8765),(1023,'PR1',2345),(1023,'PR10',2345),(1023,'PR12',2345),(1023,'PR13',2345),(1024,'PR11',12),(1024,'PR12',12),(1024,'PR14',12),(1025,'PR10',234567),(1025,'PR12',234567),(1025,'PR15',234567),(1025,'PR16',234567),(1025,'PR18',234567),(1026,'PR1',12),(1026,'PR14',12),(1026,'PR16',12),(1027,'PR1',1234567),(1027,'PR10',1234567),(1027,'PR12',1234567),(1027,'PR14',1234567),(1027,'PR16',1234567),(1028,'PR11',1332),(1028,'PR12',1332),(1028,'PR15',1332),(1028,'PR16',1332),(1029,'PR11',12345678),(1029,'PR12',12345678),(1029,'PR14',12345678),(1029,'PR16',12345678),(1030,'PR13',12345678),(1030,'PR15',12345678),(1030,'PR16',12345678),(1030,'PR20',12345678),(1031,'PR1',23456),(1032,'PR1',10);
/*!40000 ALTER TABLE `lignecommande` ENABLE KEYS */;
UNLOCK TABLES;

--
-- Table structure for table `produit`
--

DROP TABLE IF EXISTS `produit`;
/*!40101 SET @saved_cs_client     = @@character_set_client */;
/*!50503 SET character_set_client = utf8mb4 */;
CREATE TABLE `produit` (
  `matricule` varchar(100) NOT NULL,
  `libelle` varchar(100) DEFAULT NULL,
  `description` varchar(1000) DEFAULT NULL,
  `poids` float DEFAULT NULL,
  `idFournisseur` int(11) DEFAULT NULL,
  PRIMARY KEY (`matricule`),
  KEY `idFournisseur` (`idFournisseur`),
  CONSTRAINT `produit_ibfk_1` FOREIGN KEY (`idFournisseur`) REFERENCES `fournisseurs` (`idFournisseur`)
) ENGINE=InnoDB DEFAULT CHARSET=latin1;
/*!40101 SET character_set_client = @saved_cs_client */;

--
-- Dumping data for table `produit`
--

LOCK TABLES `produit` WRITE;
/*!40000 ALTER TABLE `produit` DISABLE KEYS */;
INSERT INTO `produit` VALUES ('PR1','Jetwire','mauris sit amet eros suspendisse accumsan tortor quis turpis sed ante vivamus tortor duis mattis egestas metus aenean fermentum donec',11,15),('PR10','Brightdog','faucibus orci luctus et ultrices posuere cubilia curae duis faucibus',2,5),('PR11','Twimbo','odio in hac habitasse platea dictumst maecenas ut massa quis augue luctus tincidunt nulla mollis molestie lorem quisque ut',38,1),('PR12','Dynava','pede malesuada in imperdiet et commodo vulputate justo in blandit',56,17),('PR13','Livetube','cubilia curae donec pharetra magna vestibulum aliquet ultrices erat tortor sollicitudin mi sit amet lobortis sapien sapien non mi integer',94,12),('PR14','Jabberstorm','etiam pretium iaculis justo in hac habitasse platea dictumst etiam faucibus',62,22),('PR15','Jabberbean','mauris vulputate elementum nullam varius nulla facilisi cras non velit nec nisi vulputate nonummy maecenas tincidunt lacus at velit',60,5),('PR16','Jatri','eu est congue elementum in hac habitasse platea dictumst morbi vestibulum velit id pretium iaculis diam erat fermentum',33,17),('PR17','Teklist','nunc purus phasellus in felis donec semper sapien a libero nam dui proin leo',33,20),('PR18','Eayo','nec dui luctus rutrum nulla tellus in sagittis dui vel nisl duis ac nibh fusce lacus purus',3,18),('PR19','Realfire','ante vivamus tortor duis mattis egestas metus aenean fermentum donec ut mauris eget massa tempor',6,10),('PR2','Roombo','pulvinar lobortis est phasellus sit amet erat nulla tempus vivamus in felis eu sapien cursus vestibulum proin eu mi',81,6),('PR20','Cogilith','sapien varius ut blandit non interdum in ante vestibulum ante ipsum primis',24,1),('PR21','Flipopia','libero nam dui proin leo odio porttitor id consequat in consequat',75,11),('PR22','Dabshots','posuere cubilia curae donec pharetra magna vestibulum aliquet ultrices erat tortor sollicitudin mi sit amet lobortis sapien',21,17),('PR23','Wordtune','eleifend donec ut dolor morbi vel lectus in quam fringilla rhoncus',51,14),('PR24','Zoonder','at vulputate vitae nisl aenean lectus pellentesque eget nunc donec quis orci',44,22),('PR25','Lajo','turpis eget elit sodales scelerisque mauris sit amet eros suspendisse accumsan tortor quis turpis sed ante vivamus tortor',38,6),('PR26','Oloo','commodo vulputate justo in blandit ultrices enim lorem ipsum dolor sit amet consectetuer adipiscing elit proin interdum mauris',17,25),('PR27','Jabbersphere','phasellus in felis donec semper sapien a libero nam dui proin leo odio porttitor id consequat',7,25),('PR28','Livetube','cras pellentesque volutpat dui maecenas tristique est et tempus semper est quam pharetra magna ac consequat metus sapien',68,30),('PR29','Quaxo','duis ac nibh fusce lacus purus aliquet at feugiat non pretium quis lectus suspendisse potenti in eleifend quam a odio',89,14),('PR3','Dabshots','sed accumsan felis ut at dolor quis odio consequat varius integer ac leo pellentesque ultrices mattis odio donec',92,8),('PR30','Midel','ultricies eu nibh quisque id justo sit amet sapien dignissim vestibulum vestibulum ante ipsum primis in faucibus orci luctus et',24,27),('PR4','Jabberbean','pretium nisl ut volutpat sapien arcu sed augue aliquam erat volutpat in congue etiam justo etiam pretium iaculis justo',57,8),('PR5','Realcube','elementum ligula vehicula consequat morbi a ipsum integer a nibh in quis justo maecenas rhoncus aliquam lacus morbi',4,26),('PR6','Yata','aliquet ultrices erat tortor sollicitudin mi sit amet lobortis sapien sapien',34,12),('PR7','Divavu','dolor quis odio consequat varius integer ac leo pellentesque ultrices mattis odio donec vitae nisi nam ultrices',67,29),('PR8','Zoomzone','convallis eget eleifend luctus ultricies eu nibh quisque id justo sit',10,19),('PR9','Gigashots','lorem ipsum dolor sit amet consectetuer adipiscing elit proin risus praesent lectus vestibulum quam sapien varius ut blandit non interdum',69,23);
/*!40000 ALTER TABLE `produit` ENABLE KEYS */;
UNLOCK TABLES;

--
-- Table structure for table `stock`
--

DROP TABLE IF EXISTS `stock`;
/*!40101 SET @saved_cs_client     = @@character_set_client */;
/*!50503 SET character_set_client = utf8mb4 */;
CREATE TABLE `stock` (
  `idStock` int(11) NOT NULL,
  `matricule` varchar(100) NOT NULL,
  `quantiteProd` int(11) DEFAULT NULL,
  `seuilCritique` int(11) DEFAULT NULL,
  PRIMARY KEY (`idStock`,`matricule`),
  KEY `matricule` (`matricule`),
  CONSTRAINT `stock_ibfk_1` FOREIGN KEY (`matricule`) REFERENCES `produit` (`matricule`)
) ENGINE=InnoDB DEFAULT CHARSET=latin1;
/*!40101 SET character_set_client = @saved_cs_client */;

--
-- Dumping data for table `stock`
--

LOCK TABLES `stock` WRITE;
/*!40000 ALTER TABLE `stock` DISABLE KEYS */;
INSERT INTO `stock` VALUES (1,'PR1',611,21),(1,'PR13',810,344),(1,'PR14',2050,414),(1,'PR15',1434,376),(1,'PR17',1188,406),(1,'PR18',1756,150),(1,'PR20',2407,364),(1,'PR23',702,228),(1,'PR24',2264,367),(1,'PR25',662,106),(1,'PR26',1511,464),(1,'PR27',832,475),(1,'PR29',1286,439),(2,'PR10',2950,117),(2,'PR11',1369,203),(2,'PR12',1199,414),(2,'PR14',2308,297),(2,'PR15',989,340),(2,'PR17',2342,246),(2,'PR18',1535,108),(2,'PR2',2373,1975),(2,'PR20',2429,269),(2,'PR22',518,454),(2,'PR25',2138,448),(2,'PR26',735,187),(2,'PR27',2150,337),(2,'PR28',1192,377),(3,'PR14',2755,352),(3,'PR15',1618,470),(3,'PR16',1699,281),(3,'PR17',1469,211),(3,'PR18',1809,492),(3,'PR19',2949,109),(3,'PR20',2836,430),(3,'PR21',1959,389),(3,'PR22',1754,191),(3,'PR25',1835,255),(3,'PR27',1877,185),(3,'PR29',786,482),(3,'PR3',776,349),(4,'PR10',1773,359),(4,'PR11',1431,114),(4,'PR12',2918,365),(4,'PR13',2021,325),(4,'PR14',1478,278),(4,'PR15',1560,390),(4,'PR17',1335,426),(4,'PR19',1870,384),(4,'PR20',1870,216),(4,'PR23',2694,478),(4,'PR24',2890,249),(4,'PR25',936,479),(4,'PR26',658,231),(4,'PR27',860,464),(4,'PR28',1847,336),(4,'PR29',1137,498),(4,'PR4',576,104),(5,'PR10',714,356),(5,'PR11',2302,392),(5,'PR12',1506,228),(5,'PR13',614,427),(5,'PR15',1180,304),(5,'PR18',1729,233),(5,'PR20',1912,437),(5,'PR21',2191,245),(5,'PR22',2384,142),(5,'PR23',1637,286),(5,'PR25',2701,420),(5,'PR27',706,276),(5,'PR5',2982,677),(6,'PR10',1295,100),(6,'PR11',851,144),(6,'PR13',2463,422),(6,'PR14',2912,141),(6,'PR16',2789,462),(6,'PR17',2843,224),(6,'PR19',585,471),(6,'PR22',1961,224),(6,'PR24',2568,111),(6,'PR25',1484,406),(6,'PR26',1886,265),(6,'PR27',690,440),(6,'PR6',2657,1021),(7,'PR10',2914,189),(7,'PR16',1024,360),(7,'PR17',2289,491),(7,'PR19',686,189),(7,'PR20',2209,475),(7,'PR21',1335,457),(7,'PR23',916,238),(7,'PR25',1831,252),(7,'PR27',1142,429),(7,'PR29',1172,481),(7,'PR7',820,237),(8,'PR11',1397,497),(8,'PR12',960,418),(8,'PR13',2022,276),(8,'PR15',571,203),(8,'PR16',1581,262),(8,'PR19',2217,475),(8,'PR20',2647,237),(8,'PR22',1831,344),(8,'PR23',925,258),(8,'PR24',2639,222),(8,'PR25',1922,496),(8,'PR27',2998,264),(8,'PR8',1409,1211),(9,'PR12',2406,205),(9,'PR13',1645,108),(9,'PR14',2154,378),(9,'PR16',1100,493),(9,'PR17',1715,386),(9,'PR18',987,456),(9,'PR19',2581,138),(9,'PR20',1959,428),(9,'PR23',2580,206),(9,'PR24',892,290),(9,'PR25',648,311),(9,'PR28',2266,104),(9,'PR29',2741,363),(9,'PR9',1980,345),(10,'PR10',2969,578),(10,'PR12',1107,128),(10,'PR16',501,355),(10,'PR17',1167,495),(10,'PR19',1507,451),(10,'PR21',1998,406),(10,'PR22',1950,290),(10,'PR23',1913,411),(10,'PR26',1530,463),(10,'PR28',1749,499),(11,'PR10',630,205),(11,'PR11',531,45),(11,'PR13',1591,345),(11,'PR14',1294,450),(11,'PR24',713,328),(11,'PR26',1146,423),(11,'PR27',1696,289),(12,'PR11',1554,146),(12,'PR12',130,12),(12,'PR13',2349,187),(12,'PR14',1341,362),(12,'PR16',1294,218),(12,'PR17',2327,269),(12,'PR19',2438,232),(12,'PR20',1661,340),(12,'PR21',2475,402),(12,'PR22',2384,272),(12,'PR23',996,334),(12,'PR24',668,159),(12,'PR25',2511,242),(12,'PR26',1018,438),(13,'PR10',1941,338),(13,'PR13',2237,980),(13,'PR14',2590,272),(13,'PR15',588,391),(13,'PR16',840,452),(13,'PR18',2752,308),(13,'PR20',1999,499),(13,'PR22',1189,471),(13,'PR24',1246,402),(13,'PR25',1999,224),(13,'PR27',1628,436),(13,'PR28',1906,172),(13,'PR29',1048,436),(14,'PR10',863,268),(14,'PR11',2208,332),(14,'PR12',1985,246),(14,'PR13',1906,309),(14,'PR14',360,119),(14,'PR16',2077,299),(14,'PR17',2823,491),(14,'PR18',1933,442),(14,'PR19',2174,257),(14,'PR20',1918,369),(14,'PR21',1898,207),(14,'PR22',2961,102),(14,'PR23',1253,160),(14,'PR27',1735,404),(14,'PR29',1318,417),(15,'PR10',1799,446),(15,'PR11',2312,223),(15,'PR13',2530,255),(15,'PR15',1636,767),(15,'PR16',1384,225),(15,'PR17',1368,367),(15,'PR20',2987,139),(15,'PR21',918,143),(15,'PR22',1495,444),(15,'PR25',529,278),(15,'PR27',1350,363),(15,'PR28',838,372),(15,'PR29',2730,279),(16,'PR10',1738,309),(16,'PR11',2879,421),(16,'PR14',2737,243),(16,'PR16',762,246),(16,'PR18',2843,436),(16,'PR22',1306,346),(16,'PR24',1548,311),(17,'PR10',1400,396),(17,'PR11',1110,257),(17,'PR12',2473,383),(17,'PR13',2817,114),(17,'PR14',1914,412),(17,'PR16',2158,236),(17,'PR17',1619,543),(17,'PR18',564,235),(17,'PR21',581,459),(17,'PR22',1825,153),(17,'PR24',2105,148),(17,'PR27',1605,418),(17,'PR28',1087,241),(17,'PR29',663,225),(18,'PR10',1858,437),(18,'PR11',814,277),(18,'PR12',1477,292),(18,'PR13',1393,200),(18,'PR14',2564,129),(18,'PR15',672,195),(18,'PR16',578,192),(18,'PR17',680,443),(18,'PR18',2743,854),(18,'PR19',2120,408),(18,'PR20',2200,224),(18,'PR22',1204,123),(18,'PR24',2058,361),(18,'PR25',1740,406),(18,'PR29',1322,298),(19,'PR10',2179,498),(19,'PR11',511,443),(19,'PR13',2444,356),(19,'PR16',571,231),(19,'PR17',1874,167),(19,'PR18',707,341),(19,'PR19',1303,433),(19,'PR20',1430,471),(19,'PR23',1525,209),(19,'PR25',2427,120),(19,'PR26',1294,344),(19,'PR28',1871,197),(20,'PR12',2851,484),(20,'PR14',2257,269),(20,'PR16',2889,243),(20,'PR17',1219,145),(20,'PR19',963,112),(20,'PR20',2988,1496),(20,'PR21',2229,146),(20,'PR22',2594,315),(20,'PR23',1302,467),(20,'PR24',1788,326),(20,'PR26',2627,248),(20,'PR27',2625,467),(21,'PR12',910,283),(21,'PR14',1691,417),(21,'PR15',1139,150),(21,'PR16',2071,376),(21,'PR19',2021,450),(21,'PR21',637,527),(21,'PR22',1683,130),(21,'PR24',516,102),(21,'PR25',1260,242),(21,'PR26',2987,273),(21,'PR27',1949,251),(21,'PR28',1017,497),(22,'PR14',2030,143),(22,'PR15',2453,350),(22,'PR18',1395,212),(22,'PR19',2503,214),(22,'PR20',1272,229),(22,'PR21',1536,176),(22,'PR22',1297,757),(22,'PR24',819,327),(22,'PR25',2012,153),(22,'PR27',2681,118),(22,'PR29',2276,486),(23,'PR11',683,204),(23,'PR13',2859,119),(23,'PR14',2119,134),(23,'PR16',2446,301),(23,'PR17',2112,230),(23,'PR18',794,261),(23,'PR19',582,390),(23,'PR20',1405,471),(23,'PR21',2592,487),(23,'PR22',924,304),(23,'PR23',1977,476),(23,'PR24',761,293),(24,'PR11',1569,263),(24,'PR12',1873,286),(24,'PR15',777,175),(24,'PR16',2768,333),(24,'PR18',2841,116),(24,'PR20',1107,500),(24,'PR21',2164,123),(24,'PR22',2050,242),(24,'PR23',1615,244),(24,'PR24',1515,178),(24,'PR25',2086,276),(24,'PR28',2650,149),(24,'PR29',1205,316),(25,'PR11',923,234),(25,'PR14',1082,175),(25,'PR15',1292,317),(25,'PR18',1322,158),(25,'PR21',2872,116),(25,'PR25',1289,46),(25,'PR26',1723,190),(25,'PR27',2390,113),(25,'PR28',2434,128),(26,'PR12',2635,231),(26,'PR16',1552,493),(26,'PR17',2596,413),(26,'PR18',2887,240),(26,'PR19',572,429),(26,'PR22',602,152),(26,'PR23',2936,280),(26,'PR24',1770,406),(26,'PR25',2894,129),(26,'PR26',2719,2038),(26,'PR27',587,457),(27,'PR11',1709,197),(27,'PR12',941,272),(27,'PR15',1466,239),(27,'PR17',1585,366),(27,'PR18',2028,454),(27,'PR20',2119,389),(27,'PR22',2289,394),(27,'PR23',750,357),(27,'PR24',1588,236),(27,'PR25',2842,350),(27,'PR27',2770,1863),(27,'PR28',950,490),(27,'PR29',2765,336),(28,'PR12',1062,317),(28,'PR13',1333,448),(28,'PR15',2118,292),(28,'PR17',1135,439),(28,'PR18',680,390),(28,'PR20',1238,278),(28,'PR25',664,338),(28,'PR26',2199,346),(28,'PR28',1125,795),(28,'PR29',1333,283),(29,'PR10',1005,176),(29,'PR11',2567,190),(29,'PR13',2479,353),(29,'PR14',770,425),(29,'PR15',2892,478),(29,'PR16',2205,141),(29,'PR17',1924,384),(29,'PR18',2002,434),(29,'PR19',2533,233),(29,'PR20',2698,322),(29,'PR21',2206,163),(29,'PR22',801,103),(29,'PR23',2584,417),(29,'PR25',960,302),(29,'PR26',1781,158),(29,'PR27',1437,365),(29,'PR29',1990,378),(30,'PR12',2159,275),(30,'PR14',2756,202),(30,'PR17',2329,409),(30,'PR19',1729,482),(30,'PR20',1970,195),(30,'PR21',2725,286),(30,'PR22',2244,498),(30,'PR24',1220,107),(30,'PR25',1331,142),(30,'PR26',1328,219),(30,'PR27',1108,335),(30,'PR29',1646,424),(30,'PR30',2882,2360);
/*!40000 ALTER TABLE `stock` ENABLE KEYS */;
UNLOCK TABLES;

--
-- Table structure for table `users`
--

DROP TABLE IF EXISTS `users`;
/*!40101 SET @saved_cs_client     = @@character_set_client */;
/*!50503 SET character_set_client = utf8mb4 */;
CREATE TABLE `users` (
  `id` int(11) NOT NULL AUTO_INCREMENT,
  `username` varchar(255) NOT NULL,
  `password` varchar(255) NOT NULL,
  PRIMARY KEY (`id`)
) ENGINE=InnoDB AUTO_INCREMENT=31 DEFAULT CHARSET=latin1;
/*!40101 SET character_set_client = @saved_cs_client */;

--
-- Dumping data for table `users`
--

LOCK TABLES `users` WRITE;
/*!40000 ALTER TABLE `users` DISABLE KEYS */;
INSERT INTO `users` VALUES (1,'test1','d93f6dc4e0418c4334920125652c978a0b25e031c401368685a24d85d760fba1b00ef2179f32c1453f7fc0cba2c1af56595f52b7b27fc9d200158409435710ec'),(2,'feur','d93f6dc4e0418c4334920125652c978a0b25e031c401368685a24d85d760fba1b00ef2179f32c1453f7fc0cba2c1af56595f52b7b27fc9d200158409435710ec'),(3,'moi','d93f6dc4e0418c4334920125652c978a0b25e031c401368685a24d85d760fba1b00ef2179f32c1453f7fc0cba2c1af56595f52b7b27fc9d200158409435710ec'),(4,'admin','d93f6dc4e0418c4334920125652c978a0b25e031c401368685a24d85d760fba1b00ef2179f32c1453f7fc0cba2c1af56595f52b7b27fc9d200158409435710ec'),(5,'bochi','d93f6dc4e0418c4334920125652c978a0b25e031c401368685a24d85d760fba1b00ef2179f32c1453f7fc0cba2c1af56595f52b7b27fc9d200158409435710ec'),(6,'lelouch','d93f6dc4e0418c4334920125652c978a0b25e031c401368685a24d85d760fba1b00ef2179f32c1453f7fc0cba2c1af56595f52b7b27fc9d200158409435710ec'),(7,'catra','d93f6dc4e0418c4334920125652c978a0b25e031c401368685a24d85d760fba1b00ef2179f32c1453f7fc0cba2c1af56595f52b7b27fc9d200158409435710ec'),(8,'msilver7','d93f6dc4e0418c4334920125652c978a0b25e031c401368685a24d85d760fba1b00ef2179f32c1453f7fc0cba2c1af56595f52b7b27fc9d200158409435710ec'),(9,'abrason8','d93f6dc4e0418c4334920125652c978a0b25e031c401368685a24d85d760fba1b00ef2179f32c1453f7fc0cba2c1af56595f52b7b27fc9d200158409435710ec'),(10,'dexton9','d93f6dc4e0418c4334920125652c978a0b25e031c401368685a24d85d760fba1b00ef2179f32c1453f7fc0cba2c1af56595f52b7b27fc9d200158409435710ec'),(11,'eortnera','d93f6dc4e0418c4334920125652c978a0b25e031c401368685a24d85d760fba1b00ef2179f32c1453f7fc0cba2c1af56595f52b7b27fc9d200158409435710ec'),(12,'pgorlerb','d93f6dc4e0418c4334920125652c978a0b25e031c401368685a24d85d760fba1b00ef2179f32c1453f7fc0cba2c1af56595f52b7b27fc9d200158409435710ec'),(13,'cmckayc','d93f6dc4e0418c4334920125652c978a0b25e031c401368685a24d85d760fba1b00ef2179f32c1453f7fc0cba2c1af56595f52b7b27fc9d200158409435710ec'),(14,'zcharsleyd','d93f6dc4e0418c4334920125652c978a0b25e031c401368685a24d85d760fba1b00ef2179f32c1453f7fc0cba2c1af56595f52b7b27fc9d200158409435710ec'),(15,'lbarrone','d93f6dc4e0418c4334920125652c978a0b25e031c401368685a24d85d760fba1b00ef2179f32c1453f7fc0cba2c1af56595f52b7b27fc9d200158409435710ec'),(16,'smarkef','d93f6dc4e0418c4334920125652c978a0b25e031c401368685a24d85d760fba1b00ef2179f32c1453f7fc0cba2c1af56595f52b7b27fc9d200158409435710ec'),(17,'esiemianowiczg','d93f6dc4e0418c4334920125652c978a0b25e031c401368685a24d85d760fba1b00ef2179f32c1453f7fc0cba2c1af56595f52b7b27fc9d200158409435710ec'),(18,'rcottomh','d93f6dc4e0418c4334920125652c978a0b25e031c401368685a24d85d760fba1b00ef2179f32c1453f7fc0cba2c1af56595f52b7b27fc9d200158409435710ec'),(19,'mweiri','d93f6dc4e0418c4334920125652c978a0b25e031c401368685a24d85d760fba1b00ef2179f32c1453f7fc0cba2c1af56595f52b7b27fc9d200158409435710ec'),(20,'cbmf','d93f6dc4e0418c4334920125652c978a0b25e031c401368685a24d85d760fba1b00ef2179f32c1453f7fc0cba2c1af56595f52b7b27fc9d200158409435710ec'),(21,'ascorahk','d93f6dc4e0418c4334920125652c978a0b25e031c401368685a24d85d760fba1b00ef2179f32c1453f7fc0cba2c1af56595f52b7b27fc9d200158409435710ec'),(22,'misaka','d93f6dc4e0418c4334920125652c978a0b25e031c401368685a24d85d760fba1b00ef2179f32c1453f7fc0cba2c1af56595f52b7b27fc9d200158409435710ec'),(23,'sbrodeurm','d93f6dc4e0418c4334920125652c978a0b25e031c401368685a24d85d760fba1b00ef2179f32c1453f7fc0cba2c1af56595f52b7b27fc9d200158409435710ec'),(24,'kurisu','d93f6dc4e0418c4334920125652c978a0b25e031c401368685a24d85d760fba1b00ef2179f32c1453f7fc0cba2c1af56595f52b7b27fc9d200158409435710ec'),(25,'egilhoolyo','d93f6dc4e0418c4334920125652c978a0b25e031c401368685a24d85d760fba1b00ef2179f32c1453f7fc0cba2c1af56595f52b7b27fc9d200158409435710ec'),(26,'ngarfirthp','d93f6dc4e0418c4334920125652c978a0b25e031c401368685a24d85d760fba1b00ef2179f32c1453f7fc0cba2c1af56595f52b7b27fc9d200158409435710ec'),(27,'ljudenq','d93f6dc4e0418c4334920125652c978a0b25e031c401368685a24d85d760fba1b00ef2179f32c1453f7fc0cba2c1af56595f52b7b27fc9d200158409435710ec'),(28,'rsterrier','d93f6dc4e0418c4334920125652c978a0b25e031c401368685a24d85d760fba1b00ef2179f32c1453f7fc0cba2c1af56595f52b7b27fc9d200158409435710ec'),(29,'dmerrells','d93f6dc4e0418c4334920125652c978a0b25e031c401368685a24d85d760fba1b00ef2179f32c1453f7fc0cba2c1af56595f52b7b27fc9d200158409435710ec'),(30,'rcroxfordt','d93f6dc4e0418c4334920125652c978a0b25e031c401368685a24d85d760fba1b00ef2179f32c1453f7fc0cba2c1af56595f52b7b27fc9d200158409435710ec');(31,'asuka','f237f288a7a5780b7e01bf57e885385cea14470ef55c59b0aac165526adaf5e1d6528f700b2d365d9ca8565fea7d5a2035c3ab5576a05c6ea74a8e940e96c857');
/*!40000 ALTER TABLE `users` ENABLE KEYS */;
UNLOCK TABLES;

--
-- Dumping routines for database 'commandelabo'
--
/*!40103 SET TIME_ZONE=@OLD_TIME_ZONE */;

/*!40101 SET SQL_MODE=@OLD_SQL_MODE */;
/*!40014 SET FOREIGN_KEY_CHECKS=@OLD_FOREIGN_KEY_CHECKS */;
/*!40014 SET UNIQUE_CHECKS=@OLD_UNIQUE_CHECKS */;
/*!40101 SET CHARACTER_SET_CLIENT=@OLD_CHARACTER_SET_CLIENT */;
/*!40101 SET CHARACTER_SET_RESULTS=@OLD_CHARACTER_SET_RESULTS */;
/*!40101 SET COLLATION_CONNECTION=@OLD_COLLATION_CONNECTION */;
/*!40111 SET SQL_NOTES=@OLD_SQL_NOTES */;

-- Dump completed on 2023-04-24 16:37:38
